gfx,cu_num,M,N,K,bias,dtype,outdtype,scaleAB,bpreshuffle,libtype,solidx,splitK,us,kernelName,err_ratio,tflops,bw
gfx942,80,1,64,4096,False,torch.bfloat16,torch.bfloat16,False,False,skinny,2,0,3.6782,sol2,0.0,0.14,144.8
gfx942,80,1,256,4096,False,torch.bfloat16,torch.bfloat16,False,False,opus,10310,0,4.8174,opus_gemm_gfx942_wkc_accum_256x16x16x64_1x1_16x16x16_0x0x0,0.0273,0.44,437.14
gfx942,80,1,384,7168,False,torch.bfloat16,torch.bfloat16,False,False,opus,10310,0,12.9247,opus_gemm_gfx942_wkc_accum_256x16x16x64_1x1_16x16x16_0x0x0,0.0156,0.43,427.1
gfx942,80,1,512,4096,False,torch.bfloat16,torch.bfloat16,False,False,opus,10300,0,8.0662,opus_gemm_gfx942_wkc_512x16x16x64_1x1_16x16x16_0x0x0,0.0,0.52,521.13
gfx942,80,1,512,7168,False,torch.bfloat16,torch.bfloat16,False,False,asm,1,10,15.4981,_ZN5aiter39bf16gemm_fp32bf16_tn_32x64_splitk_cleanE,0.0234,0.47,474.6
gfx942,80,1,1024,4096,False,torch.bfloat16,torch.bfloat16,False,False,opus,10300,0,9.1734,opus_gemm_gfx942_wkc_512x16x16x64_1x1_16x16x16_0x0x0,0.0,0.91,915.57
gfx942,80,1,1024,7168,False,torch.bfloat16,torch.bfloat16,False,False,opus,10300,0,11.7745,opus_gemm_gfx942_wkc_512x16x16x64_1x1_16x16x16_0x0x0,0.0,1.25,1248.16
gfx942,80,1,2048,4096,False,torch.bfloat16,torch.bfloat16,False,False,opus,10301,0,13.0372,opus_gemm_gfx942_wkc_512x16x32x32_1x1_16x16x16_0x0x0,0.0,1.29,1287.82
gfx942,80,1,2048,7168,False,torch.bfloat16,torch.bfloat16,False,False,opus,10305,0,22.4165,opus_gemm_gfx942_wkc_512x16x32x64_1x1_16x16x16_0x0x0,0.0,1.31,1310.58
gfx942,80,1,4096,256,False,torch.bfloat16,torch.bfloat16,False,False,asm,2,1,10.8734,_ZN5aiter37bf16gemm_fp32bf16_tn_32x64_pf3_splitkE,0.0,0.19,193.67
gfx942,80,1,4096,1024,False,torch.bfloat16,torch.bfloat16,False,False,opus,10305,0,15.7057,opus_gemm_gfx942_wkc_512x16x32x64_1x1_16x16x16_0x0x0,0.0,0.53,534.76
gfx942,80,1,4096,2048,False,torch.bfloat16,torch.bfloat16,False,False,opus,10305,0,20.4842,opus_gemm_gfx942_wkc_512x16x32x64_1x1_16x16x16_0x0x0,0.0,0.82,819.63
gfx942,80,1,4096,4096,False,torch.bfloat16,torch.bfloat16,False,False,opus,10305,0,25.8782,opus_gemm_gfx942_wkc_512x16x32x64_1x1_16x16x16_0x0x0,0.0,1.3,1297.26
gfx942,80,1,8192,1024,False,torch.bfloat16,torch.bfloat16,False,False,opus,10305,0,21.9784,opus_gemm_gfx942_wkc_512x16x32x64_1x1_16x16x16_0x0x0,0.0,0.76,764.19
gfx942,80,1,32320,4096,False,torch.bfloat16,torch.bfloat16,False,False,opus,10305,0,113.5155,opus_gemm_gfx942_wkc_512x16x32x64_1x1_16x16x16_0x0x0,0.0,2.33,2333.06
gfx942,80,2,64,4096,False,torch.bfloat16,torch.bfloat16,False,False,opus,10310,0,4.1922,opus_gemm_gfx942_wkc_accum_256x16x16x64_1x1_16x16x16_0x0x0,0.0234,0.25,129.03
gfx942,80,2,256,4096,False,torch.bfloat16,torch.bfloat16,False,False,opus,10310,0,4.8679,opus_gemm_gfx942_wkc_accum_256x16x16x64_1x1_16x16x16_0x0x0,0.0176,0.86,434.39
gfx942,80,2,384,7168,False,torch.bfloat16,torch.bfloat16,False,False,opus,10310,0,12.9562,opus_gemm_gfx942_wkc_accum_256x16x16x64_1x1_16x16x16_0x0x0,0.026,0.85,427.23
gfx942,80,2,512,4096,False,torch.bfloat16,torch.bfloat16,False,False,opus,10300,0,8.3322,opus_gemm_gfx942_wkc_512x16x16x64_1x1_16x16x16_0x0x0,0.0,1.01,505.6
gfx942,80,2,512,7168,False,torch.bfloat16,torch.bfloat16,False,False,asm,1,10,15.4995,_ZN5aiter39bf16gemm_fp32bf16_tn_32x64_splitk_cleanE,0.0156,0.95,475.55
gfx942,80,2,1024,4096,False,torch.bfloat16,torch.bfloat16,False,False,opus,10300,0,9.4623,opus_gemm_gfx942_wkc_512x16x16x64_1x1_16x16x16_0x0x0,0.0,1.77,888.69
gfx942,80,2,1024,7168,False,torch.bfloat16,torch.bfloat16,False,False,opus,10300,0,18.1995,opus_gemm_gfx942_wkc_512x16x16x64_1x1_16x16x16_0x0x0,0.0,1.61,808.42
gfx942,80,2,2048,4096,False,torch.bfloat16,torch.bfloat16,False,False,opus,10301,0,12.9907,opus_gemm_gfx942_wkc_512x16x32x32_1x1_16x16x16_0x0x0,0.0,2.58,1293.37
gfx942,80,2,2048,7168,False,torch.bfloat16,torch.bfloat16,False,False,opus,10305,0,22.4025,opus_gemm_gfx942_wkc_512x16x32x64_1x1_16x16x16_0x0x0,0.0,2.62,1312.22
gfx942,80,2,4096,256,False,torch.bfloat16,torch.bfloat16,False,False,asm,2,1,10.898,_ZN5aiter37bf16gemm_fp32bf16_tn_32x64_pf3_splitkE,0.0,0.38,194.03
gfx942,80,2,4096,1024,False,torch.bfloat16,torch.bfloat16,False,False,opus,10305,0,15.7302,opus_gemm_gfx942_wkc_512x16x32x64_1x1_16x16x16_0x0x0,0.0,1.07,534.58
gfx942,80,2,4096,2048,False,torch.bfloat16,torch.bfloat16,False,False,opus,10305,0,20.6049,opus_gemm_gfx942_wkc_512x16x32x64_1x1_16x16x16_0x0x0,0.0,1.63,815.43
gfx942,80,2,4096,4096,False,torch.bfloat16,torch.bfloat16,False,False,opus,10305,0,25.9124,opus_gemm_gfx942_wkc_512x16x32x64_1x1_16x16x16_0x0x0,0.0,2.59,1296.18
gfx942,80,2,8192,1024,False,torch.bfloat16,torch.bfloat16,False,False,opus,10305,0,22.2803,opus_gemm_gfx942_wkc_512x16x32x64_1x1_16x16x16_0x0x0,0.0,1.51,754.66
gfx942,80,2,32320,4096,False,torch.bfloat16,torch.bfloat16,False,False,opus,10305,0,114.5443,opus_gemm_gfx942_wkc_512x16x32x64_1x1_16x16x16_0x0x0,0.0,4.62,2312.74
gfx942,80,4,64,4096,False,torch.bfloat16,torch.bfloat16,False,False,opus,10310,0,4.2146,opus_gemm_gfx942_wkc_accum_256x16x16x64_1x1_16x16x16_0x0x0,0.0234,0.5,132.29
gfx942,80,4,256,4096,False,torch.bfloat16,torch.bfloat16,False,False,opus,10310,0,4.8338,opus_gemm_gfx942_wkc_accum_256x16x16x64_1x1_16x16x16_0x0x0,0.0293,1.74,441.05
gfx942,80,4,384,7168,False,torch.bfloat16,torch.bfloat16,False,False,opus,10310,0,12.9813,opus_gemm_gfx942_wkc_accum_256x16x16x64_1x1_16x16x16_0x0x0,0.013,1.7,428.73
gfx942,80,4,512,4096,False,torch.bfloat16,torch.bfloat16,False,False,opus,10300,0,8.1018,opus_gemm_gfx942_wkc_512x16x16x64_1x1_16x16x16_0x0x0,0.0,2.07,522.25
gfx942,80,4,512,7168,False,torch.bfloat16,torch.bfloat16,False,False,asm,1,10,15.5843,_ZN5aiter39bf16gemm_fp32bf16_tn_32x64_splitk_cleanE,0.0215,1.88,474.93
gfx942,80,4,1024,4096,False,torch.bfloat16,torch.bfloat16,False,False,opus,10300,0,9.5499,opus_gemm_gfx942_wkc_512x16x16x64_1x1_16x16x16_0x0x0,0.0,3.51,882.69
gfx942,80,4,1024,7168,False,torch.bfloat16,torch.bfloat16,False,False,opus,10300,0,11.8598,opus_gemm_gfx942_wkc_512x16x16x64_1x1_16x16x16_0x0x0,0.0,4.95,1243.33
gfx942,80,4,2048,4096,False,torch.bfloat16,torch.bfloat16,False,False,opus,10301,0,12.7075,opus_gemm_gfx942_wkc_512x16x32x32_1x1_16x16x16_0x0x0,0.0,5.28,1324.13
gfx942,80,4,2048,7168,False,torch.bfloat16,torch.bfloat16,False,False,opus,10301,0,20.483,opus_gemm_gfx942_wkc_512x16x32x32_1x1_16x16x16_0x0x0,0.0,5.73,1436.99
gfx942,80,4,4096,256,False,torch.bfloat16,torch.bfloat16,False,False,asm,2,1,10.9731,_ZN5aiter37bf16gemm_fp32bf16_tn_32x64_pf3_splitkE,0.0,0.76,194.29
gfx942,80,4,4096,1024,False,torch.bfloat16,torch.bfloat16,False,False,opus,10305,0,15.8015,opus_gemm_gfx942_wkc_512x16x32x64_1x1_16x16x16_0x0x0,0.0,2.12,533.47
gfx942,80,4,4096,2048,False,torch.bfloat16,torch.bfloat16,False,False,opus,10305,0,20.7536,opus_gemm_gfx942_wkc_512x16x32x64_1x1_16x16x16_0x0x0,0.0,3.23,810.77
gfx942,80,4,4096,4096,False,torch.bfloat16,torch.bfloat16,False,False,opus,10305,0,26.0972,opus_gemm_gfx942_wkc_512x16x32x64_1x1_16x16x16_0x0x0,0.0,5.14,1288.26
gfx942,80,4,8192,1024,False,torch.bfloat16,torch.bfloat16,False,False,opus,10305,0,22.3018,opus_gemm_gfx942_wkc_512x16x32x64_1x1_16x16x16_0x0x0,0.0,3.01,755.59
gfx942,80,4,32320,4096,False,torch.bfloat16,torch.bfloat16,False,False,opus,10305,0,115.804,opus_gemm_gfx942_wkc_512x16x32x64_1x1_16x16x16_0x0x0,0.0,9.15,2288.84
gfx942,80,8,64,4096,False,torch.bfloat16,torch.bfloat16,False,False,opus,10310,0,4.5113,opus_gemm_gfx942_wkc_accum_256x16x16x64_1x1_16x16x16_0x0x0,0.0195,0.93,130.97
gfx942,80,8,256,4096,False,torch.bfloat16,torch.bfloat16,False,False,opus,10310,0,4.894,opus_gemm_gfx942_wkc_accum_256x16x16x64_1x1_16x16x16_0x0x0,0.0186,3.43,442.74
gfx942,80,8,384,7168,False,torch.bfloat16,torch.bfloat16,False,False,opus,10310,0,13.1451,opus_gemm_gfx942_wkc_accum_256x16x16x64_1x1_16x16x16_0x0x0,0.0218,3.35,427.98
gfx942,80,8,512,4096,False,torch.bfloat16,torch.bfloat16,False,False,opus,10300,0,8.1931,opus_gemm_gfx942_wkc_512x16x16x64_1x1_16x16x16_0x0x0,0.0,4.1,520.93
gfx942,80,8,512,7168,False,torch.bfloat16,torch.bfloat16,False,False,asm,1,10,15.8554,_ZN5aiter39bf16gemm_fp32bf16_tn_32x64_splitk_cleanE,0.0239,3.7,470.69
gfx942,80,8,1024,4096,False,torch.bfloat16,torch.bfloat16,False,False,opus,10300,0,9.6515,opus_gemm_gfx942_wkc_512x16x16x64_1x1_16x16x16_0x0x0,0.0,6.95,877.64
gfx942,80,8,1024,7168,False,torch.bfloat16,torch.bfloat16,False,False,opus,10300,0,11.9403,opus_gemm_gfx942_wkc_512x16x16x64_1x1_16x16x16_0x0x0,0.0,9.84,1240.43
gfx942,80,8,2048,4096,False,torch.bfloat16,torch.bfloat16,False,False,opus,10301,0,13.0097,opus_gemm_gfx942_wkc_512x16x32x32_1x1_16x16x16_0x0x0,0.0,10.32,1297.15
gfx942,80,8,2048,7168,False,torch.bfloat16,torch.bfloat16,False,False,opus,10301,0,20.5934,opus_gemm_gfx942_wkc_512x16x32x32_1x1_16x16x16_0x0x0,0.0,11.41,1432.87
gfx942,80,8,4096,256,False,torch.bfloat16,torch.bfloat16,False,False,asm,2,1,11.0254,_ZN5aiter37bf16gemm_fp32bf16_tn_32x64_pf3_splitkE,0.0,1.52,196.53
gfx942,80,8,4096,1024,False,torch.bfloat16,torch.bfloat16,False,False,opus,10305,0,16.2575,opus_gemm_gfx942_wkc_512x16x32x64_1x1_16x16x16_0x0x0,0.0,4.13,521.02
gfx942,80,8,4096,2048,False,torch.bfloat16,torch.bfloat16,False,False,opus,10305,0,20.9843,opus_gemm_gfx942_wkc_512x16x32x64_1x1_16x16x16_0x0x0,0.0,6.4,804.2
gfx942,80,8,4096,4096,False,torch.bfloat16,torch.bfloat16,False,False,opus,10305,0,26.3686,opus_gemm_gfx942_wkc_512x16x32x64_1x1_16x16x16_0x0x0,0.0,10.18,1277.49
gfx942,80,8,8192,1024,False,torch.bfloat16,torch.bfloat16,False,False,opus,10305,0,23.0134,opus_gemm_gfx942_wkc_512x16x32x64_1x1_16x16x16_0x0x0,0.0,5.83,735.43
gfx942,80,8,32320,4096,False,torch.bfloat16,torch.bfloat16,False,False,opus,10305,0,117.8057,opus_gemm_gfx942_wkc_512x16x32x64_1x1_16x16x16_0x0x0,0.0,17.98,2252.42
gfx942,80,16,64,4096,False,torch.bfloat16,torch.bfloat16,False,False,opus,10310,0,4.5125,opus_gemm_gfx942_wkc_accum_256x16x16x64_1x1_16x16x16_0x0x0,0.0205,1.86,145.69
gfx942,80,16,256,4096,False,torch.bfloat16,torch.bfloat16,False,False,opus,10311,0,4.9659,opus_gemm_gfx942_wkc_accum_512x16x32x32_1x1_16x16x16_0x0x0,0.0181,6.76,450.35
gfx942,80,16,384,7168,False,torch.bfloat16,torch.bfloat16,False,False,opus,10310,0,15.6974,opus_gemm_gfx942_wkc_accum_256x16x16x64_1x1_16x16x16_0x0x0,0.022,5.61,366.09
gfx942,80,16,512,4096,False,torch.bfloat16,torch.bfloat16,False,False,opus,10310,0,8.6225,opus_gemm_gfx942_wkc_accum_256x16x16x64_1x1_16x16x16_0x0x0,0.02,7.78,503.54
gfx942,80,16,512,7168,False,torch.bfloat16,torch.bfloat16,False,False,asm,1,10,16.827,_ZN5aiter39bf16gemm_fp32bf16_tn_32x64_splitk_cleanE,0.0249,6.98,450.81
gfx942,80,16,1024,4096,False,torch.bfloat16,torch.bfloat16,False,False,opus,10302,0,11.2766,opus_gemm_gfx942_wkc_512x32x16x64_1x1_16x16x16_0x0x0,0.0,11.9,758.42
gfx942,80,16,1024,7168,False,torch.bfloat16,torch.bfloat16,False,False,asm,1,5,21.5915,_ZN5aiter39bf16gemm_fp32bf16_tn_32x64_splitk_cleanE,0.0153,10.88,692.04
gfx942,80,16,2048,4096,False,torch.bfloat16,torch.bfloat16,False,False,opus,10301,0,13.3916,opus_gemm_gfx942_wkc_512x16x32x32_1x1_16x16x16_0x0x0,0.0,20.05,1267.5
gfx942,80,16,2048,7168,False,torch.bfloat16,torch.bfloat16,False,False,opus,10301,0,20.8499,opus_gemm_gfx942_wkc_512x16x32x32_1x1_16x16x16_0x0x0,0.0,22.53,1422.31
gfx942,80,16,4096,256,False,torch.bfloat16,torch.bfloat16,False,False,asm,2,1,11.6065,_ZN5aiter37bf16gemm_fp32bf16_tn_32x64_pf3_splitkE,0.0,2.89,192.69
gfx942,80,16,4096,1024,False,torch.bfloat16,torch.bfloat16,False,False,opus,10305,0,16.9063,opus_gemm_gfx942_wkc_512x16x32x64_1x1_16x16x16_0x0x0,0.0,7.94,505.87
gfx942,80,16,4096,2048,False,torch.bfloat16,torch.bfloat16,False,False,opus,10305,0,22.0651,opus_gemm_gfx942_wkc_512x16x32x64_1x1_16x16x16_0x0x0,0.0,12.17,769.26
gfx942,80,16,4096,4096,False,torch.bfloat16,torch.bfloat16,False,False,opus,10305,0,26.6958,opus_gemm_gfx942_wkc_512x16x32x64_1x1_16x16x16_0x0x0,0.0,20.11,1266.74
gfx942,80,16,8192,1024,False,torch.bfloat16,torch.bfloat16,False,False,opus,10305,0,24.0533,opus_gemm_gfx942_wkc_512x16x32x64_1x1_16x16x16_0x0x0,0.0,11.16,709.76
gfx942,80,16,32320,4096,False,torch.bfloat16,torch.bfloat16,False,False,opus,10305,0,123.1126,opus_gemm_gfx942_wkc_512x16x32x64_1x1_16x16x16_0x0x0,0.0,34.41,2160.06
gfx942,80,32,64,4096,False,torch.bfloat16,torch.bfloat16,False,False,opus,10310,0,4.5291,opus_gemm_gfx942_wkc_accum_256x16x16x64_1x1_16x16x16_0x0x0,0.0229,3.7,174.54
gfx942,80,32,256,4096,False,torch.bfloat16,torch.bfloat16,False,False,opus,10313,0,6.5263,opus_gemm_gfx942_wkc_accum_256x32x32x64_1x1_16x16x16_0x0x0,0.0199,10.28,364.02
gfx942,80,32,384,7168,False,torch.bfloat16,torch.bfloat16,False,False,asm,1,11,16.6503,_ZN5aiter39bf16gemm_fp32bf16_tn_32x64_splitk_cleanE,0.0247,10.58,359.65
gfx942,80,32,512,4096,False,torch.bfloat16,torch.bfloat16,False,False,flydsl,759,8,9.2194,flydsl_gemm4_abf16_wbf16_bf16_t32x64x64_split_k8_block_m_warp2_block_n_warp2_block_k_warp1_async_copyFalse_b_to_ldsTrue_b_preshuffleFalse_c_to_ldsFalse_gfx942,0.0198,14.56,486.93
gfx942,80,32,512,7168,False,torch.bfloat16,torch.bfloat16,False,False,asm,1,10,17.2803,_ZN5aiter39bf16gemm_fp32bf16_tn_32x64_splitk_cleanE,0.0233,13.59,453.21
gfx942,80,32,1024,4096,False,torch.bfloat16,torch.bfloat16,False,False,opus,10302,0,11.8246,opus_gemm_gfx942_wkc_512x32x16x64_1x1_16x16x16_0x0x0,0.0,22.7,737.13
gfx942,80,32,1024,7168,False,torch.bfloat16,torch.bfloat16,False,False,asm,1,5,22.5006,_ZN5aiter39bf16gemm_fp32bf16_tn_32x64_splitk_cleanE,0.0163,20.88,675.73
gfx942,80,32,2048,7168,False,torch.bfloat16,torch.bfloat16,False,False,opus,10305,0,35.6792,opus_gemm_gfx942_wkc_512x16x32x64_1x1_16x16x16_0x0x0,0.0,26.33,839.42
gfx942,80,32,4096,256,False,torch.bfloat16,torch.bfloat16,False,False,asm,2,1,11.8579,_ZN5aiter37bf16gemm_fp32bf16_tn_32x64_pf3_splitkE,0.0,5.66,200.35
gfx942,80,32,4096,1024,False,torch.bfloat16,torch.bfloat16,False,False,asm,2,1,18.6144,_ZN5aiter37bf16gemm_fp32bf16_tn_32x64_pf3_splitkE,0.0,14.42,468.26
gfx942,80,32,4096,2048,False,torch.bfloat16,torch.bfloat16,False,False,asm,4,1,25.4645,_ZN5aiter37bf16gemm_fp32bf16_tn_48x64_pf3_splitkE,0.0,21.08,674.29
gfx942,80,32,4096,4096,False,torch.bfloat16,torch.bfloat16,False,False,asm,2,1,39.0857,_ZN5aiter37bf16gemm_fp32bf16_tn_32x64_pf3_splitkE,0.0,27.47,871.9
gfx942,80,32,8192,1024,False,torch.bfloat16,torch.bfloat16,False,False,opus,10003,0,25.8475,opus_gemm_gfx942_p1_bk128_256x64x64x128_2x2_16x16x16_0x0x0,0.0,20.77,671.9
gfx942,80,32,32320,4096,False,torch.bfloat16,torch.bfloat16,False,False,opus,10302,0,224.7914,opus_gemm_gfx942_wkc_512x32x16x64_1x1_16x16x16_0x0x0,0.0,37.69,1188.2
gfx942,80,48,64,4096,False,torch.bfloat16,torch.bfloat16,False,False,opus,10312,0,4.7978,opus_gemm_gfx942_wkc_accum_512x32x16x64_1x1_16x16x16_0x0x0,0.0186,5.25,192.51
gfx942,80,48,256,4096,False,torch.bfloat16,torch.bfloat16,False,False,opus,10300,0,7.45,opus_gemm_gfx942_wkc_512x16x16x64_1x1_16x16x16_0x0x0,0.0,13.51,337.58
gfx942,80,48,384,7168,False,torch.bfloat16,torch.bfloat16,False,False,asm,3,11,16.7324,_ZN5aiter39bf16gemm_fp32bf16_tn_48x64_splitk_cleanE,0.0258,15.79,372.33
gfx942,80,48,512,4096,False,torch.bfloat16,torch.bfloat16,False,False,asm,3,10,10.4683,_ZN5aiter39bf16gemm_fp32bf16_tn_48x64_splitk_cleanE,0.0228,19.23,442.93
gfx942,80,48,512,7168,False,torch.bfloat16,torch.bfloat16,False,False,asm,3,10,17.5877,_ZN5aiter39bf16gemm_fp32bf16_tn_48x64_splitk_cleanE,0.0249,20.03,459.26
gfx942,80,48,1024,4096,False,torch.bfloat16,torch.bfloat16,False,False,asm,3,5,13.8806,_ZN5aiter39bf16gemm_fp32bf16_tn_48x64_splitk_cleanE,0.0146,29.01,639.75
gfx942,80,48,1024,7168,False,torch.bfloat16,torch.bfloat16,False,False,asm,3,5,23.2396,_ZN5aiter39bf16gemm_fp32bf16_tn_48x64_splitk_cleanE,0.0158,30.32,665.52
gfx942,80,48,2048,4096,False,torch.bfloat16,torch.bfloat16,False,False,asm,3,2,22.906,_ZN5aiter39bf16gemm_fp32bf16_tn_48x64_splitk_cleanE,0.0049,35.16,758.19
gfx942,80,48,2048,7168,False,torch.bfloat16,torch.bfloat16,False,False,asm,3,2,40.3773,_ZN5aiter39bf16gemm_fp32bf16_tn_48x64_splitk_cleanE,0.0061,34.9,749.06
gfx942,80,48,4096,256,False,torch.bfloat16,torch.bfloat16,False,False,asm,4,1,12.026,_ZN5aiter37bf16gemm_fp32bf16_tn_48x64_pf3_splitkE,0.0,8.37,209.13
gfx942,80,48,4096,1024,False,torch.bfloat16,torch.bfloat16,False,False,asm,4,1,19.1473,_ZN5aiter37bf16gemm_fp32bf16_tn_48x64_pf3_splitkE,0.0,21.03,463.78
gfx942,80,48,4096,2048,False,torch.bfloat16,torch.bfloat16,False,False,asm,4,1,27.14,_ZN5aiter37bf16gemm_fp32bf16_tn_48x64_pf3_splitkE,0.0,29.67,639.91
gfx942,80,48,4096,4096,False,torch.bfloat16,torch.bfloat16,False,False,asm,4,1,42.0983,_ZN5aiter37bf16gemm_fp32bf16_tn_48x64_pf3_splitkE,0.0,38.26,815.73
gfx942,80,48,8192,1024,False,torch.bfloat16,torch.bfloat16,False,False,opus,10003,0,27.4492,opus_gemm_gfx942_p1_bk128_256x64x64x128_2x2_16x16x16_0x0x0,0.0,29.34,643.44
gfx942,80,48,32320,4096,False,torch.bfloat16,torch.bfloat16,False,False,asm,4,1,245.2301,_ZN5aiter37bf16gemm_fp32bf16_tn_48x64_pf3_splitkE,0.0,51.82,1093.92
gfx942,80,64,64,4096,False,torch.bfloat16,torch.bfloat16,False,False,opus,10312,0,4.7714,opus_gemm_gfx942_wkc_accum_512x32x16x64_1x1_16x16x16_0x0x0,0.0215,7.03,221.48
gfx942,80,64,256,4096,False,torch.bfloat16,torch.bfloat16,False,False,opus,10300,0,7.9398,opus_gemm_gfx942_wkc_512x16x16x64_1x1_16x16x16_0x0x0,0.0,16.9,334.29
gfx942,80,64,384,7168,False,torch.bfloat16,torch.bfloat16,False,False,asm,5,11,18.0475,_ZN5aiter39bf16gemm_fp32bf16_tn_64x64_splitk_cleanE,0.0258,19.52,358.59
gfx942,80,64,512,4096,False,torch.bfloat16,torch.bfloat16,False,False,opus,10302,0,10.7679,opus_gemm_gfx942_wkc_512x32x16x64_1x1_16x16x16_0x0x0,0.0,24.93,444.3
gfx942,80,64,512,7168,False,torch.bfloat16,torch.bfloat16,False,False,asm,5,10,18.8698,_ZN5aiter39bf16gemm_fp32bf16_tn_64x64_splitk_cleanE,0.024,24.89,441.08
gfx942,80,64,1024,4096,False,torch.bfloat16,torch.bfloat16,False,False,asm,5,5,15.1527,_ZN5aiter39bf16gemm_fp32bf16_tn_64x64_splitk_cleanE,0.0141,35.43,596.86
gfx942,80,64,1024,7168,False,torch.bfloat16,torch.bfloat16,False,False,asm,5,5,25.0149,_ZN5aiter39bf16gemm_fp32bf16_tn_64x64_splitk_cleanE,0.0165,37.56,628.77
gfx942,80,64,2048,7168,False,torch.bfloat16,torch.bfloat16,False,False,opus,10213,5,42.9094,opus_gemm_gfx942_splitk_p1_bk128_bf16ws_256x64x64x128_2x2_16x16x16_0x0x0,0.0111,43.79,711.73
gfx942,80,64,4096,256,False,torch.bfloat16,torch.bfloat16,False,False,opus,10003,0,12.4951,opus_gemm_gfx942_p1_bk128_256x64x64x128_2x2_16x16x16_0x0x0,0.0,10.74,212.42
gfx942,80,64,4096,1024,False,torch.bfloat16,torch.bfloat16,False,False,asm,6,1,20.3603,_ZN5aiter37bf16gemm_fp32bf16_tn_64x64_pf3_splitkE,0.0,26.37,444.2
gfx942,80,64,4096,2048,False,torch.bfloat16,torch.bfloat16,False,False,asm,6,1,28.8603,_ZN5aiter37bf16gemm_fp32bf16_tn_64x64_pf3_splitkE,0.0,37.2,608.57
gfx942,80,64,4096,4096,False,torch.bfloat16,torch.bfloat16,False,False,asm,6,1,45.7626,_ZN5aiter37bf16gemm_fp32bf16_tn_64x64_pf3_splitkE,0.0,46.93,756.14
gfx942,80,64,8192,1024,False,torch.bfloat16,torch.bfloat16,False,False,triton,0,0,28.2246,auto,0.0,38.04,636.21
gfx942,80,64,32320,4096,False,torch.bfloat16,torch.bfloat16,False,False,asm,6,1,270.5126,_ZN5aiter37bf16gemm_fp32bf16_tn_64x64_pf3_splitkE,0.0,62.64,995.99
gfx942,80,80,384,7168,False,torch.bfloat16,torch.bfloat16,False,False,asm,3,6,19.3267,_ZN5aiter39bf16gemm_fp32bf16_tn_48x64_splitk_cleanE,0.0178,22.79,347.36
gfx942,80,80,512,7168,False,torch.bfloat16,torch.bfloat16,False,False,asm,7,10,21.5663,_ZN5aiter39bf16gemm_fp32bf16_tn_80x64_splitk_cleanE,0.024,27.23,397.33
gfx942,80,80,1024,7168,False,torch.bfloat16,torch.bfloat16,False,False,asm,7,5,28.7737,_ZN5aiter39bf16gemm_fp32bf16_tn_80x64_splitk_cleanE,0.016,40.82,555.74
gfx942,80,80,2048,7168,False,torch.bfloat16,torch.bfloat16,False,False,opus,10210,0,46.7495,opus_gemm_gfx942_splitk_legacy_bf16ws_512x128x128x64_2x4_16x16x16_0x0x0,0.0116,50.24,659.57
gfx942,80,80,4096,256,False,torch.bfloat16,torch.bfloat16,False,False,opus,10003,0,14.2298,opus_gemm_gfx942_p1_bk128_256x64x64x128_2x2_16x16x16_0x0x0,0.0,11.79,196.31
gfx942,80,80,4096,1024,False,torch.bfloat16,torch.bfloat16,False,False,asm,9,1,23.1823,_ZN5aiter37bf16gemm_fp32bf16_tn_96x64_pf3_splitkE,0.0,28.95,397.19
gfx942,80,80,4096,2048,False,torch.bfloat16,torch.bfloat16,False,False,asm,9,1,32.9699,_ZN5aiter37bf16gemm_fp32bf16_tn_96x64_pf3_splitkE,0.0,40.71,538.68
gfx942,80,80,4096,4096,False,torch.bfloat16,torch.bfloat16,False,False,asm,9,1,53.3606,_ZN5aiter37bf16gemm_fp32bf16_tn_96x64_pf3_splitkE,0.0,50.31,653.39
gfx942,80,80,8192,1024,False,torch.bfloat16,torch.bfloat16,False,False,opus,10000,0,31.4253,opus_gemm_gfx942_512x128x128x64_2x4_16x16x16_0x0x0,0.0,42.71,580.8
gfx942,80,80,32320,4096,False,torch.bfloat16,torch.bfloat16,False,False,opus,10000,0,307.0568,opus_gemm_gfx942_512x128x128x64_2x4_16x16x16_0x0x0,0.0,68.98,881.24
gfx942,80,96,384,7168,False,torch.bfloat16,torch.bfloat16,False,False,opus,10302,0,15.5162,opus_gemm_gfx942_wkc_512x32x16x64_1x1_16x16x16_0x0x0,0.0,34.06,448.24
gfx942,80,96,512,7168,False,torch.bfloat16,torch.bfloat16,False,False,asm,8,10,22.6633,_ZN5aiter39bf16gemm_fp32bf16_tn_96x64_splitk_cleanE,0.0244,31.09,388.94
gfx942,80,96,1024,7168,False,torch.bfloat16,torch.bfloat16,False,False,asm,8,5,30.418,_ZN5aiter39bf16gemm_fp32bf16_tn_96x64_splitk_cleanE,0.0165,46.33,534.32
gfx942,80,96,2048,7168,False,torch.bfloat16,torch.bfloat16,False,False,opus,10210,0,48.54,opus_gemm_gfx942_splitk_legacy_bf16ws_512x128x128x64_2x4_16x16x16_0x0x0,0.0114,58.07,641.32
gfx942,80,96,4096,256,False,torch.bfloat16,torch.bfloat16,False,False,opus,10003,0,14.7991,opus_gemm_gfx942_p1_bk128_256x64x64x128_2x2_16x16x16_0x0x0,0.0,13.6,198.17
gfx942,80,96,4096,1024,False,torch.bfloat16,torch.bfloat16,False,False,asm,9,1,24.5583,_ZN5aiter37bf16gemm_fp32bf16_tn_96x64_pf3_splitkE,0.0,32.79,381.61
gfx942,80,96,4096,2048,False,torch.bfloat16,torch.bfloat16,False,False,asm,9,1,35.4642,_ZN5aiter37bf16gemm_fp32bf16_tn_96x64_pf3_splitkE,0.0,45.42,506.34
gfx942,80,96,4096,4096,False,torch.bfloat16,torch.bfloat16,False,False,opus,10200,5,55.3563,opus_gemm_gfx942_splitk_legacy_512x128x128x64_2x4_16x16x16_0x0x0,0.0,58.19,634.57
gfx942,80,96,8192,1024,False,torch.bfloat16,torch.bfloat16,False,False,opus,10000,0,33.8318,opus_gemm_gfx942_512x128x128x64_2x4_16x16x16_0x0x0,0.0,47.61,548.2
gfx942,80,96,32320,4096,False,torch.bfloat16,torch.bfloat16,False,False,opus,10000,0,328.8506,opus_gemm_gfx942_512x128x128x64_2x4_16x16x16_0x0x0,0.0,77.29,826.39
gfx942,80,104,1024,7168,False,torch.bfloat16,torch.bfloat16,False,False,opus,10210,0,28.0462,opus_gemm_gfx942_splitk_legacy_bf16ws_512x128x128x64_2x4_16x16x16_0x0x0,0.0,54.44,584.18
gfx942,80,112,384,7168,False,torch.bfloat16,torch.bfloat16,False,False,asm,5,6,20.6263,_ZN5aiter39bf16gemm_fp32bf16_tn_64x64_splitk_cleanE,0.0182,29.89,348.91
gfx942,80,112,512,7168,False,torch.bfloat16,torch.bfloat16,False,False,asm,5,5,23.7245,_ZN5aiter39bf16gemm_fp32bf16_tn_64x64_splitk_cleanE,0.0166,34.65,381.9
gfx942,80,112,1024,7168,False,torch.bfloat16,torch.bfloat16,False,False,opus,10210,0,28.5379,opus_gemm_gfx942_splitk_legacy_bf16ws_512x128x128x64_2x4_16x16x16_0x0x0,0.0,57.61,578.71
gfx942,80,112,2048,7168,False,torch.bfloat16,torch.bfloat16,False,False,opus,10210,0,42.9434,opus_gemm_gfx942_splitk_legacy_bf16ws_512x128x128x64_2x4_16x16x16_0x0x0,0.0,76.57,731.77
gfx942,80,112,4096,256,False,torch.bfloat16,torch.bfloat16,False,False,opus,10003,0,14.587,opus_gemm_gfx942_p1_bk128_256x64x64x128_2x2_16x16x16_0x0x0,0.0,16.1,210.6
gfx942,80,112,4096,1024,False,torch.bfloat16,torch.bfloat16,False,False,opus,10003,0,26.4695,opus_gemm_gfx942_p1_bk128_256x64x64x128_2x2_16x16x16_0x0x0,0.0,35.49,360.24
gfx942,80,112,4096,2048,False,torch.bfloat16,torch.bfloat16,False,False,asm,6,1,40.5821,_ZN5aiter37bf16gemm_fp32bf16_tn_64x64_pf3_splitkE,0.0,46.3,447.33
gfx942,80,112,4096,4096,False,torch.bfloat16,torch.bfloat16,False,False,opus,10200,5,54.7384,opus_gemm_gfx942_splitk_legacy_512x128x128x64_2x4_16x16x16_0x0x0,0.0,68.66,646.52
gfx942,80,112,8192,1024,False,torch.bfloat16,torch.bfloat16,False,False,opus,10000,0,34.8843,opus_gemm_gfx942_512x128x128x64_2x4_16x16x16_0x0x0,0.0,53.87,540.12
gfx942,80,112,32320,4096,False,torch.bfloat16,torch.bfloat16,False,False,opus,10000,0,348.6486,opus_gemm_gfx942_512x128x128x64_2x4_16x16x16_0x0x0,0.0,85.05,782.8
gfx942,80,120,1024,7168,False,torch.bfloat16,torch.bfloat16,False,False,opus,10210,0,28.6248,opus_gemm_gfx942_splitk_legacy_bf16ws_512x128x128x64_2x4_16x16x16_0x0x0,0.0,61.54,581.53
gfx942,80,128,64,4096,False,torch.bfloat16,torch.bfloat16,False,False,asm,1,16,6.8358,_ZN5aiter39bf16gemm_fp32bf16_tn_32x64_splitk_cleanE,0.0271,9.82,232.49
gfx942,80,128,256,4096,False,torch.bfloat16,torch.bfloat16,False,False,opus,10302,0,10.1493,opus_gemm_gfx942_wkc_512x32x16x64_1x1_16x16x16_0x0x0,0.0,26.45,316.4
gfx942,80,128,384,7168,False,torch.bfloat16,torch.bfloat16,False,False,asm,5,6,20.6909,_ZN5aiter39bf16gemm_fp32bf16_tn_64x64_splitk_cleanE,0.0178,34.06,359.5
gfx942,80,128,512,4096,False,torch.bfloat16,torch.bfloat16,False,False,asm,5,5,14.5712,_ZN5aiter39bf16gemm_fp32bf16_tn_64x64_splitk_cleanE,0.0148,36.84,368.81
gfx942,80,128,512,7168,False,torch.bfloat16,torch.bfloat16,False,False,opus,10201,10,19.7843,opus_gemm_gfx942_splitk_p1_256x64x64x64_2x2_16x16x16_0x0x0,0.0,47.49,470.38
gfx942,80,128,1024,7168,False,torch.bfloat16,torch.bfloat16,False,False,opus,10210,0,28.7869,opus_gemm_gfx942_splitk_legacy_bf16ws_512x128x128x64_2x4_16x16x16_0x0x0,0.0,65.27,582.81
gfx942,80,128,2048,4096,False,torch.bfloat16,torch.bfloat16,False,False,opus,10210,0,29.7021,opus_gemm_gfx942_splitk_legacy_bf16ws_512x128x128x64_2x4_16x16x16_0x0x0,0.0,72.3,617.8
gfx942,80,128,2048,7168,False,torch.bfloat16,torch.bfloat16,False,False,opus,10210,0,44.0662,opus_gemm_gfx942_splitk_legacy_bf16ws_512x128x128x64_2x4_16x16x16_0x0x0,0.0,85.28,719.81
gfx942,80,128,4096,256,False,torch.bfloat16,torch.bfloat16,False,False,opus,10003,0,14.8415,opus_gemm_gfx942_p1_bk128_256x64x64x128_2x2_16x16x16_0x0x0,0.0,18.09,216.37
gfx942,80,128,4096,1024,False,torch.bfloat16,torch.bfloat16,False,False,opus,10003,0,27.2085,opus_gemm_gfx942_p1_bk128_256x64x64x128_2x2_16x16x16_0x0x0,0.0,39.46,356.48
gfx942,80,128,4096,2048,False,torch.bfloat16,torch.bfloat16,False,False,opus,10200,2,41.8037,opus_gemm_gfx942_splitk_legacy_512x128x128x64_2x4_16x16x16_0x0x0,0.0,51.37,438.96
gfx942,80,128,4096,4096,False,torch.bfloat16,torch.bfloat16,False,False,opus,10200,2,58.7023,opus_gemm_gfx942_splitk_legacy_512x128x128x64_2x4_16x16x16_0x0x0,0.0,73.17,607.33
gfx942,80,128,8192,1024,False,torch.bfloat16,torch.bfloat16,False,False,triton,0,0,32.4763,auto,0.0,66.12,589.25
gfx942,80,128,32320,4096,False,torch.bfloat16,torch.bfloat16,False,False,opus,10000,0,350.423,opus_gemm_gfx942_512x128x128x64_2x4_16x16x16_0x0x0,0.0,96.71,782.16
gfx942,80,144,384,7168,False,torch.bfloat16,torch.bfloat16,False,False,asm,3,4,21.3828,_ZN5aiter39bf16gemm_fp32bf16_tn_48x64_splitk_cleanE,0.0142,37.07,359.17
gfx942,80,144,512,7168,False,torch.bfloat16,torch.bfloat16,False,False,asm,7,5,26.0989,_ZN5aiter39bf16gemm_fp32bf16_tn_80x64_splitk_cleanE,0.016,40.5,365.99
gfx942,80,144,1024,7168,False,torch.bfloat16,torch.bfloat16,False,False,opus,10200,0,42.6605,opus_gemm_gfx942_splitk_legacy_512x128x128x64_2x4_16x16x16_0x0x0,0.0,49.55,399.42
gfx942,80,144,2048,7168,False,torch.bfloat16,torch.bfloat16,False,False,opus,10210,5,72.2814,opus_gemm_gfx942_splitk_legacy_bf16ws_512x128x128x64_2x4_16x16x16_0x0x0,0.0114,58.49,442.91
gfx942,80,144,4096,256,False,torch.bfloat16,torch.bfloat16,False,False,opus,10000,0,15.979,opus_gemm_gfx942_512x128x128x64_2x4_16x16x16_0x0x0,0.0,18.9,209.68
gfx942,80,144,4096,1024,False,torch.bfloat16,torch.bfloat16,False,False,opus,10000,0,28.2683,opus_gemm_gfx942_512x128x128x64_2x4_16x16x16_0x0x0,0.0,42.73,348.91
gfx942,80,144,4096,2048,False,torch.bfloat16,torch.bfloat16,False,False,opus,10000,0,45.1929,opus_gemm_gfx942_512x128x128x64_2x4_16x16x16_0x0x0,0.0,53.46,410.39
gfx942,80,144,4096,4096,False,torch.bfloat16,torch.bfloat16,False,False,opus,10000,0,81.7215,opus_gemm_gfx942_512x128x128x64_2x4_16x16x16_0x0x0,0.0,59.13,439.46
gfx942,80,144,8192,1024,False,torch.bfloat16,torch.bfloat16,False,False,opus,10003,0,48.568,opus_gemm_gfx942_p1_bk128_256x64x64x128_2x2_16x16x16_0x0x0,0.0,49.74,400.09
gfx942,80,144,32320,4096,False,torch.bfloat16,torch.bfloat16,False,False,opus,10006,0,457.2019,opus_gemm_gfx942_quad_mfma32_256x256x256x32_2x2_32x32x8_0x0x0,0.0,83.39,602.04
gfx942,80,160,384,7168,False,torch.bfloat16,torch.bfloat16,False,False,opus,10201,8,20.2282,opus_gemm_gfx942_splitk_p1_256x64x64x64_2x2_16x16x16_0x0x0,0.0,43.54,391.61
gfx942,80,160,512,7168,False,torch.bfloat16,torch.bfloat16,False,False,asm,8,5,26.9651,_ZN5aiter39bf16gemm_fp32bf16_tn_96x64_splitk_cleanE,0.0157,43.55,363.34
gfx942,80,160,1024,7168,False,torch.bfloat16,torch.bfloat16,False,False,opus,10210,0,42.9964,opus_gemm_gfx942_splitk_legacy_bf16ws_512x128x128x64_2x4_16x16x16_0x0x0,0.0116,54.63,402.39
gfx942,80,160,2048,7168,False,torch.bfloat16,torch.bfloat16,False,False,opus,10200,5,72.4121,opus_gemm_gfx942_splitk_legacy_512x128x128x64_2x4_16x16x16_0x0x0,0.0,64.87,446.19
gfx942,80,160,4096,256,False,torch.bfloat16,torch.bfloat16,False,False,opus,10000,0,16.5138,opus_gemm_gfx942_512x128x128x64_2x4_16x16x16_0x0x0,0.0,20.32,211.33
gfx942,80,160,4096,1024,False,torch.bfloat16,torch.bfloat16,False,False,opus,10000,0,28.7891,opus_gemm_gfx942_512x128x128x64_2x4_16x16x16_0x0x0,0.0,46.62,348.29
gfx942,80,160,4096,2048,False,torch.bfloat16,torch.bfloat16,False,False,opus,10000,0,45.3007,opus_gemm_gfx942_512x128x128x64_2x4_16x16x16_0x0x0,0.0,59.26,413.75
gfx942,80,160,4096,4096,False,torch.bfloat16,torch.bfloat16,False,False,opus,10000,0,80.9358,opus_gemm_gfx942_512x128x128x64_2x4_16x16x16_0x0x0,0.0,66.33,446.97
gfx942,80,160,8192,1024,False,torch.bfloat16,torch.bfloat16,False,False,opus,10003,0,49.4376,opus_gemm_gfx942_p1_bk128_256x64x64x128_2x2_16x16x16_0x0x0,0.0,54.3,399.01
gfx942,80,160,32320,4096,False,torch.bfloat16,torch.bfloat16,False,False,opus,10006,0,464.9408,opus_gemm_gfx942_quad_mfma32_256x256x256x32_2x2_32x32x8_0x0x0,0.0,91.11,594.52
gfx942,80,176,384,7168,False,torch.bfloat16,torch.bfloat16,False,False,asm,5,4,24.1367,_ZN5aiter39bf16gemm_fp32bf16_tn_64x64_splitk_cleanE,0.0138,40.14,338.21
gfx942,80,176,512,7168,False,torch.bfloat16,torch.bfloat16,False,False,asm,8,5,29.4041,_ZN5aiter39bf16gemm_fp32bf16_tn_96x64_splitk_cleanE,0.0159,43.93,341.56
gfx942,80,176,1024,7168,False,torch.bfloat16,torch.bfloat16,False,False,opus,10210,0,44.0577,opus_gemm_gfx942_splitk_legacy_bf16ws_512x128x128x64_2x4_16x16x16_0x0x0,0.0115,58.64,398.65
gfx942,80,176,2048,7168,False,torch.bfloat16,torch.bfloat16,False,False,opus,10210,5,72.9362,opus_gemm_gfx942_splitk_legacy_bf16ws_512x128x128x64_2x4_16x16x16_0x0x0,0.0112,70.85,447.02
gfx942,80,176,4096,256,False,torch.bfloat16,torch.bfloat16,False,False,opus,10000,0,16.969,opus_gemm_gfx942_512x128x128x64_2x4_16x16x16_0x0x0,0.0,21.75,213.86
gfx942,80,176,4096,1024,False,torch.bfloat16,torch.bfloat16,False,False,opus,10000,0,29.1494,opus_gemm_gfx942_512x128x128x64_2x4_16x16x16_0x0x0,0.0,50.65,349.61
gfx942,80,176,4096,2048,False,torch.bfloat16,torch.bfloat16,False,False,opus,10000,0,45.4908,opus_gemm_gfx942_512x128x128x64_2x4_16x16x16_0x0x0,0.0,64.91,416.35
gfx942,80,176,4096,4096,False,torch.bfloat16,torch.bfloat16,False,False,opus,10000,0,81.5783,opus_gemm_gfx942_512x128x128x64_2x4_16x16x16_0x0x0,0.0,72.39,446.66
gfx942,80,176,8192,1024,False,torch.bfloat16,torch.bfloat16,False,False,opus,10000,0,49.246,opus_gemm_gfx942_512x128x128x64_2x4_16x16x16_0x0x0,0.0,59.96,406.56
gfx942,80,176,32320,4096,False,torch.bfloat16,torch.bfloat16,False,False,opus,10006,0,473.3091,opus_gemm_gfx942_quad_mfma32_256x256x256x32_2x2_32x32x8_0x0x0,0.0,98.45,586.47
gfx942,80,192,384,7168,False,torch.bfloat16,torch.bfloat16,False,False,opus,10201,8,21.2254,opus_gemm_gfx942_splitk_p1_256x64x64x64_2x2_16x16x16_0x0x0,0.0,49.8,395.99
gfx942,80,192,512,7168,False,torch.bfloat16,torch.bfloat16,False,False,asm,8,5,30.3236,_ZN5aiter39bf16gemm_fp32bf16_tn_96x64_splitk_cleanE,0.0161,46.47,339.31
gfx942,80,192,1024,7168,False,torch.bfloat16,torch.bfloat16,False,False,opus,10210,5,44.8074,opus_gemm_gfx942_splitk_legacy_bf16ws_512x128x128x64_2x4_16x16x16_0x0x0,0.0114,62.9,397.83
gfx942,80,192,2048,7168,False,torch.bfloat16,torch.bfloat16,False,False,opus,10210,5,73.1888,opus_gemm_gfx942_splitk_legacy_bf16ws_512x128x128x64_2x4_16x16x16_0x0x0,0.0114,77.02,449.51
gfx942,80,192,4096,256,False,torch.bfloat16,torch.bfloat16,False,False,opus,10000,0,17.3296,opus_gemm_gfx942_512x128x128x64_2x4_16x16x16_0x0x0,0.0,23.23,217.45
gfx942,80,192,4096,1024,False,torch.bfloat16,torch.bfloat16,False,False,opus,10000,0,30.2008,opus_gemm_gfx942_512x128x128x64_2x4_16x16x16_0x0x0,0.0,53.33,342.86
gfx942,80,192,4096,2048,False,torch.bfloat16,torch.bfloat16,False,False,opus,10000,0,45.7114,opus_gemm_gfx942_512x128x128x64_2x4_16x16x16_0x0x0,0.0,70.47,418.64
gfx942,80,192,4096,4096,False,torch.bfloat16,torch.bfloat16,False,False,opus,10000,0,81.2148,opus_gemm_gfx942_512x128x128x64_2x4_16x16x16_0x0x0,0.0,79.33,451.89
gfx942,80,192,8192,1024,False,torch.bfloat16,torch.bfloat16,False,False,opus,10000,0,48.2528,opus_gemm_gfx942_512x128x128x64_2x4_16x16x16_0x0x0,0.0,66.76,421.04
gfx942,80,192,32320,4096,False,torch.bfloat16,torch.bfloat16,False,False,opus,10006,0,488.4805,opus_gemm_gfx942_quad_mfma32_256x256x256x32_2x2_32x32x8_0x0x0,0.0,104.07,570.65
gfx942,80,200,1024,7168,False,torch.bfloat16,torch.bfloat16,False,False,opus,10200,5,40.5018,opus_gemm_gfx942_splitk_legacy_512x128x128x64_2x4_16x16x16_0x0x0,0.0,72.49,443.36
gfx942,80,208,384,7168,False,torch.bfloat16,torch.bfloat16,False,False,asm,5,3,27.9098,_ZN5aiter39bf16gemm_fp32bf16_tn_64x64_splitk_cleanE,0.0109,41.03,309.81
gfx942,80,208,512,7168,False,torch.bfloat16,torch.bfloat16,False,False,opus,10210,0,27.7763,opus_gemm_gfx942_splitk_legacy_bf16ws_512x128x128x64_2x4_16x16x16_0x0x0,0.0,54.97,379.28
gfx942,80,208,1024,7168,False,torch.bfloat16,torch.bfloat16,False,False,opus,10210,0,41.1359,opus_gemm_gfx942_splitk_legacy_bf16ws_512x128x128x64_2x4_16x16x16_0x0x0,0.0,74.23,439.71
gfx942,80,208,2048,7168,False,torch.bfloat16,torch.bfloat16,False,False,opus,10210,5,73.8915,opus_gemm_gfx942_splitk_legacy_bf16ws_512x128x128x64_2x4_16x16x16_0x0x0,0.0114,82.65,449.23
gfx942,80,208,4096,256,False,torch.bfloat16,torch.bfloat16,False,False,opus,10000,0,18.1147,opus_gemm_gfx942_512x128x128x64_2x4_16x16x16_0x0x0,0.0,24.08,215.71
gfx942,80,208,4096,1024,False,torch.bfloat16,torch.bfloat16,False,False,opus,10000,0,31.6077,opus_gemm_gfx942_512x128x128x64_2x4_16x16x16_0x0x0,0.0,55.2,332.78
gfx942,80,208,4096,2048,False,torch.bfloat16,torch.bfloat16,False,False,opus,10000,0,47.3156,opus_gemm_gfx942_512x128x128x64_2x4_16x16x16_0x0x0,0.0,73.75,408.6
gfx942,80,208,4096,4096,False,torch.bfloat16,torch.bfloat16,False,False,opus,10000,0,81.9589,opus_gemm_gfx942_512x128x128x64_2x4_16x16x16_0x0x0,0.0,85.16,450.99
gfx942,80,208,8192,1024,False,torch.bfloat16,torch.bfloat16,False,False,opus,10000,0,48.5728,opus_gemm_gfx942_512x128x128x64_2x4_16x16x16_0x0x0,0.0,71.84,424.33
gfx942,80,208,32320,4096,False,torch.bfloat16,torch.bfloat16,False,False,opus,10006,0,489.1721,opus_gemm_gfx942_quad_mfma32_256x256x256x32_2x2_32x32x8_0x0x0,0.0,112.58,572.22
gfx942,80,216,1024,7168,False,torch.bfloat16,torch.bfloat16,False,False,opus,10210,0,41.3267,opus_gemm_gfx942_splitk_legacy_bf16ws_512x128x128x64_2x4_16x16x16_0x0x0,0.0,76.73,440.85
gfx942,80,224,384,7168,False,torch.bfloat16,torch.bfloat16,False,False,asm,5,3,27.2163,_ZN5aiter39bf16gemm_fp32bf16_tn_64x64_splitk_cleanE,0.0106,45.31,326.58
gfx942,80,224,512,7168,False,torch.bfloat16,torch.bfloat16,False,False,opus,10210,0,27.8194,opus_gemm_gfx942_splitk_legacy_bf16ws_512x128x128x64_2x4_16x16x16_0x0x0,0.0,59.1,387.52
gfx942,80,224,1024,7168,False,torch.bfloat16,torch.bfloat16,False,False,opus,10210,0,41.3224,opus_gemm_gfx942_splitk_legacy_bf16ws_512x128x128x64_2x4_16x16x16_0x0x0,0.0,79.58,444.07
gfx942,80,224,2048,7168,False,torch.bfloat16,torch.bfloat16,False,False,opus,10210,5,74.7084,opus_gemm_gfx942_splitk_legacy_bf16ws_512x128x128x64_2x4_16x16x16_0x0x0,0.0114,88.03,448.26
gfx942,80,224,4096,256,False,torch.bfloat16,torch.bfloat16,False,False,opus,10000,0,18.4839,opus_gemm_gfx942_512x128x128x64_2x4_16x16x16_0x0x0,0.0,25.41,218.94
gfx942,80,224,4096,1024,False,torch.bfloat16,torch.bfloat16,False,False,opus,10000,0,32.806,opus_gemm_gfx942_512x128x128x64_2x4_16x16x16_0x0x0,0.0,57.28,325.62
gfx942,80,224,4096,2048,False,torch.bfloat16,torch.bfloat16,False,False,opus,10000,0,48.6448,opus_gemm_gfx942_512x128x128x64_2x4_16x16x16_0x0x0,0.0,77.26,401.48
gfx942,80,224,4096,4096,False,torch.bfloat16,torch.bfloat16,False,False,opus,10000,0,84.0987,opus_gemm_gfx942_512x128x128x64_2x4_16x16x16_0x0x0,0.0,89.37,442.63
gfx942,80,224,8192,1024,False,torch.bfloat16,torch.bfloat16,False,False,opus,10000,0,50.2024,opus_gemm_gfx942_512x128x128x64_2x4_16x16x16_0x0x0,0.0,74.86,416.43
gfx942,80,224,32320,4096,False,torch.bfloat16,torch.bfloat16,False,False,opus,10006,0,517.383,opus_gemm_gfx942_quad_mfma32_256x256x256x32_2x2_32x32x8_0x0x0,0.0,114.63,543.27
gfx942,80,232,1024,7168,False,torch.bfloat16,torch.bfloat16,False,False,opus,10210,0,41.7262,opus_gemm_gfx942_splitk_legacy_bf16ws_512x128x128x64_2x4_16x16x16_0x0x0,0.0,81.62,442.91
gfx942,80,240,384,7168,False,torch.bfloat16,torch.bfloat16,False,False,asm,5,3,27.3566,_ZN5aiter39bf16gemm_fp32bf16_tn_64x64_splitk_cleanE,0.011,48.3,333.74
gfx942,80,240,512,7168,False,torch.bfloat16,torch.bfloat16,False,False,opus,10210,0,28.0936,opus_gemm_gfx942_splitk_legacy_bf16ws_512x128x128x64_2x4_16x16x16_0x0x0,0.0,62.7,392.49
gfx942,80,240,1024,7168,False,torch.bfloat16,torch.bfloat16,False,False,opus,10210,0,42.0916,opus_gemm_gfx942_splitk_legacy_bf16ws_512x128x128x64_2x4_16x16x16_0x0x0,0.0,83.7,442.18
gfx942,80,240,2048,7168,False,torch.bfloat16,torch.bfloat16,False,False,opus,10210,5,75.2422,opus_gemm_gfx942_splitk_legacy_bf16ws_512x128x128x64_2x4_16x16x16_0x0x0,0.0115,93.65,449.0
gfx942,80,240,4096,256,False,torch.bfloat16,torch.bfloat16,False,False,opus,10000,0,19.4387,opus_gemm_gfx942_512x128x128x64_2x4_16x16x16_0x0x0,0.0,25.89,215.35
gfx942,80,240,4096,1024,False,torch.bfloat16,torch.bfloat16,False,False,opus,10000,0,34.9316,opus_gemm_gfx942_512x128x128x64_2x4_16x16x16_0x0x0,0.0,57.63,310.5
gfx942,80,240,4096,2048,False,torch.bfloat16,torch.bfloat16,False,False,opus,10000,0,49.6383,opus_gemm_gfx942_512x128x128x64_2x4_16x16x16_0x0x0,0.0,81.12,397.4
gfx942,80,240,4096,4096,False,torch.bfloat16,torch.bfloat16,False,False,opus,10000,0,87.9675,opus_gemm_gfx942_512x128x128x64_2x4_16x16x16_0x0x0,0.0,91.55,426.14
gfx942,80,240,8192,1024,False,torch.bfloat16,torch.bfloat16,False,False,opus,10000,0,50.2548,opus_gemm_gfx942_512x128x128x64_2x4_16x16x16_0x0x0,0.0,80.12,421.87
gfx942,80,240,32320,4096,False,torch.bfloat16,torch.bfloat16,False,False,opus,10006,0,510.0741,opus_gemm_gfx942_quad_mfma32_256x256x256x32_2x2_32x32x8_0x0x0,0.0,124.58,553.34
gfx942,80,248,1024,7168,False,torch.bfloat16,torch.bfloat16,False,False,opus,10210,0,42.5615,opus_gemm_gfx942_splitk_legacy_bf16ws_512x128x128x64_2x4_16x16x16_0x0x0,0.0,85.54,440.38
gfx942,80,256,64,4096,False,torch.bfloat16,torch.bfloat16,False,False,asm,5,16,8.1263,_ZN5aiter39bf16gemm_fp32bf16_tn_64x64_splitk_cleanE,0.0281,16.52,326.62
gfx942,80,256,256,4096,False,torch.bfloat16,torch.bfloat16,False,False,asm,5,5,14.1963,_ZN5aiter39bf16gemm_fp32bf16_tn_64x64_splitk_cleanE,0.0146,37.82,304.68
gfx942,80,256,384,7168,False,torch.bfloat16,torch.bfloat16,False,False,asm,5,3,28.264,_ZN5aiter39bf16gemm_fp32bf16_tn_64x64_splitk_cleanE,0.0108,49.86,331.58
gfx942,80,256,512,7168,False,torch.bfloat16,torch.bfloat16,False,False,opus,10210,0,28.3166,opus_gemm_gfx942_splitk_legacy_bf16ws_512x128x128x64_2x4_16x16x16_0x0x0,0.0,66.36,398.08
gfx942,80,256,1024,4096,False,torch.bfloat16,torch.bfloat16,False,False,opus,10210,0,29.3736,opus_gemm_gfx942_splitk_legacy_bf16ws_512x128x128x64_2x4_16x16x16_0x0x0,0.0,73.11,374.83
gfx942,80,256,1024,7168,False,torch.bfloat16,torch.bfloat16,False,False,opus,10210,0,42.823,opus_gemm_gfx942_splitk_legacy_bf16ws_512x128x128x64_2x4_16x16x16_0x0x0,0.0,87.76,440.75
gfx942,80,256,2048,4096,False,torch.bfloat16,torch.bfloat16,False,False,opus,10210,5,49.3661,opus_gemm_gfx942_splitk_legacy_bf16ws_512x128x128x64_2x4_16x16x16_0x0x0,0.0095,87.0,403.58
gfx942,80,256,2048,7168,False,torch.bfloat16,torch.bfloat16,False,False,opus,10210,5,75.9764,opus_gemm_gfx942_splitk_legacy_bf16ws_512x128x128x64_2x4_16x16x16_0x0x0,0.0115,98.93,448.54
gfx942,80,256,4096,256,False,torch.bfloat16,torch.bfloat16,False,False,triton,0,0,17.5043,auto,0.0,30.67,247.1
gfx942,80,256,4096,1024,False,torch.bfloat16,torch.bfloat16,False,False,triton,0,0,32.1385,auto,0.0,66.82,342.58
gfx942,80,256,4096,2048,False,torch.bfloat16,torch.bfloat16,False,False,opus,10000,0,50.906,opus_gemm_gfx942_512x128x128x64_2x4_16x16x16_0x0x0,0.0,84.37,391.37
gfx942,80,256,4096,4096,False,torch.bfloat16,torch.bfloat16,False,False,opus,10000,0,88.0807,opus_gemm_gfx942_512x128x128x64_2x4_16x16x16_0x0x0,0.0,97.52,428.57
gfx942,80,256,8192,1024,False,torch.bfloat16,torch.bfloat16,False,False,opus,10000,0,50.1188,opus_gemm_gfx942_512x128x128x64_2x4_16x16x16_0x0x0,0.0,85.7,428.9
gfx942,80,256,32320,4096,False,torch.bfloat16,torch.bfloat16,False,False,opus,10006,0,516.8213,opus_gemm_gfx942_quad_mfma32_256x256x256x32_2x2_32x32x8_0x0x0,0.0,131.15,548.37
gfx942,80,288,384,7168,False,torch.bfloat16,torch.bfloat16,False,False,asm,8,4,30.7789,_ZN5aiter39bf16gemm_fp32bf16_tn_96x64_splitk_cleanE,0.0141,51.51,320.19
gfx942,80,288,512,7168,False,torch.bfloat16,torch.bfloat16,False,False,asm,5,2,38.5057,_ZN5aiter39bf16gemm_fp32bf16_tn_64x64_splitk_cleanE,0.0064,54.9,305.51
gfx942,80,288,1024,7168,False,torch.bfloat16,torch.bfloat16,False,False,opus,10210,3,60.8705,opus_gemm_gfx942_splitk_legacy_bf16ws_512x128x128x64_2x4_16x16x16_0x0x0,0.0093,69.46,318.69
gfx942,80,288,2048,7168,False,torch.bfloat16,torch.bfloat16,False,False,opus,10210,5,103.9925,opus_gemm_gfx942_splitk_legacy_bf16ws_512x128x128x64_2x4_16x16x16_0x0x0,0.0112,81.31,333.38
gfx942,80,288,4096,256,False,torch.bfloat16,torch.bfloat16,False,False,opus,10003,0,20.4415,opus_gemm_gfx942_p1_bk128_256x64x64x128_2x2_16x16x16_0x0x0,0.0,29.55,225.22
gfx942,80,288,4096,1024,False,torch.bfloat16,torch.bfloat16,False,False,opus,10003,0,42.0076,opus_gemm_gfx942_p1_bk128_256x64x64x128_2x2_16x16x16_0x0x0,0.0,57.51,269.9
gfx942,80,288,4096,2048,False,torch.bfloat16,torch.bfloat16,False,False,opus,10001,0,63.082,opus_gemm_gfx942_p1_256x64x64x64_2x2_16x16x16_0x0x0,0.0,76.6,322.06
gfx942,80,288,4096,4096,False,torch.bfloat16,torch.bfloat16,False,False,opus,10003,0,116.5344,opus_gemm_gfx942_p1_bk128_256x64x64x128_2x2_16x16x16_0x0x0,0.0,82.93,328.43
gfx942,80,288,8192,1024,False,torch.bfloat16,torch.bfloat16,False,False,opus,10000,0,63.9746,opus_gemm_gfx942_512x128x128x64_2x4_16x16x16_0x0x0,0.0,75.53,345.23
gfx942,80,288,32320,4096,False,torch.bfloat16,torch.bfloat16,False,False,opus,10000,0,756.2264,opus_gemm_gfx942_512x128x128x64_2x4_16x16x16_0x0x0,0.0,100.83,377.85
gfx942,80,320,384,7168,False,torch.bfloat16,torch.bfloat16,False,False,asm,7,3,35.1746,_ZN5aiter39bf16gemm_fp32bf16_tn_80x64_splitk_cleanE,0.0106,50.08,293.91
gfx942,80,320,512,7168,False,torch.bfloat16,torch.bfloat16,False,False,opus,10210,6,40.3493,opus_gemm_gfx942_splitk_legacy_bf16ws_512x128x128x64_2x4_16x16x16_0x0x0,0.0116,58.21,303.73
gfx942,80,320,1024,7168,False,torch.bfloat16,torch.bfloat16,False,False,opus,10210,3,61.1024,opus_gemm_gfx942_splitk_legacy_bf16ws_512x128x128x64_2x4_16x16x16_0x0x0,0.0093,76.88,326.06
gfx942,80,320,2048,7168,False,torch.bfloat16,torch.bfloat16,False,False,opus,10210,5,105.269,opus_gemm_gfx942_splitk_legacy_bf16ws_512x128x128x64_2x4_16x16x16_0x0x0,0.0111,89.25,334.94
gfx942,80,320,4096,256,False,torch.bfloat16,torch.bfloat16,False,False,opus,10003,0,21.0762,opus_gemm_gfx942_p1_bk128_256x64x64x128_2x2_16x16x16_0x0x0,0.0,31.84,231.66
gfx942,80,320,4096,1024,False,torch.bfloat16,torch.bfloat16,False,False,opus,10003,0,43.5176,opus_gemm_gfx942_p1_bk128_256x64x64x128_2x2_16x16x16_0x0x0,0.0,61.68,268.06
gfx942,80,320,4096,2048,False,torch.bfloat16,torch.bfloat16,False,False,opus,10003,0,65.3602,opus_gemm_gfx942_p1_bk128_256x64x64x128_2x2_16x16x16_0x0x0,0.0,82.14,316.85
gfx942,80,320,4096,4096,False,torch.bfloat16,torch.bfloat16,False,False,opus,10003,0,119.9587,opus_gemm_gfx942_p1_bk128_256x64x64x128_2x2_16x16x16_0x0x0,0.0,89.51,323.42
gfx942,80,320,8192,1024,False,torch.bfloat16,torch.bfloat16,False,False,opus,10000,0,65.1661,opus_gemm_gfx942_512x128x128x64_2x4_16x16x16_0x0x0,0.0,82.38,347.96
gfx942,80,320,32320,4096,False,torch.bfloat16,torch.bfloat16,False,False,opus,10000,0,765.8945,opus_gemm_gfx942_512x128x128x64_2x4_16x16x16_0x0x0,0.0,110.62,376.12
gfx942,80,352,384,7168,False,torch.bfloat16,torch.bfloat16,False,False,opus,10200,8,29.7817,opus_gemm_gfx942_splitk_legacy_512x128x128x64_2x4_16x16x16_0x0x0,0.0,65.07,363.37
gfx942,80,352,512,7168,False,torch.bfloat16,torch.bfloat16,False,False,opus,10200,6,32.1674,opus_gemm_gfx942_splitk_legacy_512x128x128x64_2x4_16x16x16_0x0x0,0.0,80.32,396.26
gfx942,80,352,1024,7168,False,torch.bfloat16,torch.bfloat16,False,False,opus,10210,3,60.9351,opus_gemm_gfx942_splitk_legacy_bf16ws_512x128x128x64_2x4_16x16x16_0x0x0,0.0093,84.8,335.56
gfx942,80,352,2048,7168,False,torch.bfloat16,torch.bfloat16,False,False,opus,10210,5,106.5594,opus_gemm_gfx942_splitk_legacy_bf16ws_512x128x128x64_2x4_16x16x16_0x0x0,0.0111,96.99,336.42
gfx942,80,352,4096,256,False,torch.bfloat16,torch.bfloat16,False,False,opus,10003,0,23.6262,opus_gemm_gfx942_p1_bk128_256x64x64x128_2x2_16x16x16_0x0x0,0.0,31.24,218.44
gfx942,80,352,4096,1024,False,torch.bfloat16,torch.bfloat16,False,False,opus,10001,0,48.2132,opus_gemm_gfx942_p1_256x64x64x64_2x2_16x16x16_0x0x0,0.0,61.24,248.75
gfx942,80,352,4096,2048,False,torch.bfloat16,torch.bfloat16,False,False,opus,10204,1,79.5143,opus_gemm_gfx942_splitk_em3en4_lds1_pgr2_256x128x96x128_2x2_16x16x16_0x0x0,0.0,74.27,265.39
gfx942,80,352,4096,4096,False,torch.bfloat16,torch.bfloat16,False,False,opus,10200,3,134.3577,opus_gemm_gfx942_splitk_legacy_512x128x128x64_2x4_16x16x16_0x0x0,0.0,87.91,292.66
gfx942,80,352,8192,1024,False,torch.bfloat16,torch.bfloat16,False,False,opus,10000,0,67.0816,opus_gemm_gfx942_512x128x128x64_2x4_16x16x16_0x0x0,0.0,88.04,346.82
gfx942,80,352,32320,4096,False,torch.bfloat16,torch.bfloat16,False,False,opus,10000,0,788.7084,opus_gemm_gfx942_512x128x128x64_2x4_16x16x16_0x0x0,0.0,118.16,368.2
gfx942,80,384,384,7168,False,torch.bfloat16,torch.bfloat16,False,False,opus,10200,8,30.5541,opus_gemm_gfx942_splitk_legacy_512x128x128x64_2x4_16x16x16_0x0x0,0.0,69.19,370.0
gfx942,80,384,512,7168,False,torch.bfloat16,torch.bfloat16,False,False,opus,10200,6,32.3477,opus_gemm_gfx942_splitk_legacy_512x128x128x64_2x4_16x16x16_0x0x0,0.0,87.13,409.25
gfx942,80,384,1024,7168,False,torch.bfloat16,torch.bfloat16,False,False,opus,10210,3,62.7629,opus_gemm_gfx942_splitk_legacy_bf16ws_512x128x128x64_2x4_16x16x16_0x0x0,0.0091,89.82,334.14
gfx942,80,384,2048,7168,False,torch.bfloat16,torch.bfloat16,False,False,opus,10210,5,108.3159,opus_gemm_gfx942_splitk_legacy_bf16ws_512x128x128x64_2x4_16x16x16_0x0x0,0.0113,104.09,336.41
gfx942,80,384,4096,256,False,torch.bfloat16,torch.bfloat16,False,False,opus,10003,0,23.9257,opus_gemm_gfx942_p1_bk128_256x64x64x128_2x2_16x16x16_0x0x0,0.0,33.66,227.35
gfx942,80,384,4096,1024,False,torch.bfloat16,torch.bfloat16,False,False,opus,10001,0,48.5924,opus_gemm_gfx942_p1_256x64x64x64_2x2_16x16x16_0x0x0,0.0,66.29,253.55
gfx942,80,384,4096,2048,False,torch.bfloat16,torch.bfloat16,False,False,opus,10204,1,79.9974,opus_gemm_gfx942_splitk_em3en4_lds1_pgr2_256x128x96x128_2x2_16x16x16_0x0x0,0.0001,80.53,268.71
gfx942,80,384,4096,4096,False,torch.bfloat16,torch.bfloat16,False,False,opus,10204,3,134.9514,opus_gemm_gfx942_splitk_em3en4_lds1_pgr2_256x128x96x128_2x2_16x16x16_0x0x0,0.0001,95.48,295.26
gfx942,80,384,8192,1024,False,torch.bfloat16,torch.bfloat16,False,False,opus,10000,0,65.8756,opus_gemm_gfx942_512x128x128x64_2x4_16x16x16_0x0x0,0.0,97.8,362.12
gfx942,80,384,32320,4096,False,torch.bfloat16,torch.bfloat16,False,False,opus,10000,0,782.3569,opus_gemm_gfx942_512x128x128x64_2x4_16x16x16_0x0x0,0.0,129.95,374.17
gfx942,80,416,384,7168,False,torch.bfloat16,torch.bfloat16,False,False,opus,10204,0,35.4087,opus_gemm_gfx942_splitk_em3en4_lds1_pgr2_256x128x96x128_2x2_16x16x16_0x0x0,0.0,64.68,332.92
gfx942,80,416,512,7168,False,torch.bfloat16,torch.bfloat16,False,False,opus,10210,0,43.3245,opus_gemm_gfx942_splitk_legacy_bf16ws_512x128x128x64_2x4_16x16x16_0x0x0,0.0117,70.48,316.91
gfx942,80,416,1024,7168,False,torch.bfloat16,torch.bfloat16,False,False,opus,10210,5,75.4765,opus_gemm_gfx942_splitk_legacy_bf16ws_512x128x128x64_2x4_16x16x16_0x0x0,0.0113,80.91,284.8
gfx942,80,416,2048,7168,False,torch.bfloat16,torch.bfloat16,False,False,opus,10210,5,135.4588,opus_gemm_gfx942_splitk_legacy_bf16ws_512x128x128x64_2x4_16x16x16_0x0x0,0.0113,90.17,273.35
gfx942,80,416,4096,256,False,torch.bfloat16,torch.bfloat16,False,False,opus,10000,0,24.8866,opus_gemm_gfx942_512x128x128x64_2x4_16x16x16_0x0x0,0.0,35.06,229.76
gfx942,80,416,4096,1024,False,torch.bfloat16,torch.bfloat16,False,False,opus,10000,0,49.5704,opus_gemm_gfx942_512x128x128x64_2x4_16x16x16_0x0x0,0.0,70.4,255.16
gfx942,80,416,4096,2048,False,torch.bfloat16,torch.bfloat16,False,False,opus,10000,0,83.4528,opus_gemm_gfx942_512x128x128x64_2x4_16x16x16_0x0x0,0.0,83.63,262.29
gfx942,80,416,4096,4096,False,torch.bfloat16,torch.bfloat16,False,False,opus,10000,0,155.3885,opus_gemm_gfx942_512x128x128x64_2x4_16x16x16_0x0x0,0.0,89.83,259.8
gfx942,80,416,8192,1024,False,torch.bfloat16,torch.bfloat16,False,False,opus,10000,0,82.5394,opus_gemm_gfx942_512x128x128x64_2x4_16x16x16_0x0x0,0.0,84.56,296.16
gfx942,80,416,32320,4096,False,torch.bfloat16,torch.bfloat16,False,False,opus,10006,0,913.9411,opus_gemm_gfx942_quad_mfma32_256x256x256x32_2x2_32x32x8_0x0x0,0.0,120.51,322.85
gfx942,80,448,384,7168,False,torch.bfloat16,torch.bfloat16,False,False,opus,10200,6,41.4111,opus_gemm_gfx942_splitk_legacy_512x128x128x64_2x4_16x16x16_0x0x0,0.0,59.56,296.34
gfx942,80,448,512,7168,False,torch.bfloat16,torch.bfloat16,False,False,opus,10200,0,36.729,opus_gemm_gfx942_splitk_legacy_512x128x128x64_2x4_16x16x16_0x0x0,0.0,89.53,387.2
gfx942,80,448,1024,7168,False,torch.bfloat16,torch.bfloat16,False,False,opus,10210,5,76.4839,opus_gemm_gfx942_splitk_legacy_bf16ws_512x128x128x64_2x4_16x16x16_0x0x0,0.0113,85.99,287.9
gfx942,80,448,2048,7168,False,torch.bfloat16,torch.bfloat16,False,False,opus,10210,5,136.504,opus_gemm_gfx942_splitk_legacy_bf16ws_512x128x128x64_2x4_16x16x16_0x0x0,0.0113,96.36,275.58
gfx942,80,448,4096,256,False,torch.bfloat16,torch.bfloat16,False,False,opus,10000,0,25.4239,opus_gemm_gfx942_512x128x128x64_2x4_16x16x16_0x0x0,0.0,36.95,235.86
gfx942,80,448,4096,1024,False,torch.bfloat16,torch.bfloat16,False,False,opus,10000,0,49.1718,opus_gemm_gfx942_512x128x128x64_2x4_16x16x16_0x0x0,0.0,76.43,263.89
gfx942,80,448,4096,2048,False,torch.bfloat16,torch.bfloat16,False,False,opus,10000,0,84.7722,opus_gemm_gfx942_512x128x128x64_2x4_16x16x16_0x0x0,0.0,88.66,262.85
gfx942,80,448,4096,4096,False,torch.bfloat16,torch.bfloat16,False,False,opus,10000,0,161.4104,opus_gemm_gfx942_512x128x128x64_2x4_16x16x16_0x0x0,0.0,93.13,253.36
gfx942,80,448,8192,1024,False,torch.bfloat16,torch.bfloat16,False,False,opus,10000,0,84.0542,opus_gemm_gfx942_512x128x128x64_2x4_16x16x16_0x0x0,0.0,89.42,297.84
gfx942,80,448,32320,4096,False,torch.bfloat16,torch.bfloat16,False,False,opus,10006,0,941.5609,opus_gemm_gfx942_quad_mfma32_256x256x256x32_2x2_32x32x8_0x0x0,0.0,125.98,315.85
gfx942,80,480,384,7168,False,torch.bfloat16,torch.bfloat16,False,False,opus,10200,6,41.0269,opus_gemm_gfx942_splitk_legacy_512x128x128x64_2x4_16x16x16_0x0x0,0.0,64.41,310.89
gfx942,80,480,512,7168,False,torch.bfloat16,torch.bfloat16,False,False,opus,10210,0,42.1268,opus_gemm_gfx942_splitk_legacy_bf16ws_512x128x128x64_2x4_16x16x16_0x0x0,0.0,83.63,349.25
gfx942,80,480,1024,7168,False,torch.bfloat16,torch.bfloat16,False,False,opus,10210,5,76.6711,opus_gemm_gfx942_splitk_legacy_bf16ws_512x128x128x64_2x4_16x16x16_0x0x0,0.0115,91.9,294.04
gfx942,80,480,2048,7168,False,torch.bfloat16,torch.bfloat16,False,False,opus,10210,5,138.6335,opus_gemm_gfx942_splitk_legacy_bf16ws_512x128x128x64_2x4_16x16x16_0x0x0,0.0114,101.66,275.6
gfx942,80,480,4096,256,False,torch.bfloat16,torch.bfloat16,False,False,opus,10000,0,26.2633,opus_gemm_gfx942_512x128x128x64_2x4_16x16x16_0x0x0,0.0,38.33,238.93
gfx942,80,480,4096,1024,False,torch.bfloat16,torch.bfloat16,False,False,opus,10000,0,50.6442,opus_gemm_gfx942_512x128x128x64_2x4_16x16x16_0x0x0,0.0,79.51,262.69
gfx942,80,480,4096,2048,False,torch.bfloat16,torch.bfloat16,False,False,opus,10000,0,88.381,opus_gemm_gfx942_512x128x128x64_2x4_16x16x16_0x0x0,0.0,91.12,256.56
gfx942,80,480,4096,4096,False,torch.bfloat16,torch.bfloat16,False,False,opus,10000,0,163.9413,opus_gemm_gfx942_512x128x128x64_2x4_16x16x16_0x0x0,0.0,98.24,252.64
gfx942,80,480,8192,1024,False,torch.bfloat16,torch.bfloat16,False,False,opus,10000,0,85.9917,opus_gemm_gfx942_512x128x128x64_2x4_16x16x16_0x0x0,0.0,93.65,297.99
gfx942,80,480,32320,4096,False,torch.bfloat16,torch.bfloat16,False,False,opus,10006,0,959.4632,opus_gemm_gfx942_quad_mfma32_256x256x256x32_2x2_32x32x8_0x0x0,0.0,132.46,312.39
gfx942,80,512,64,4096,False,torch.bfloat16,torch.bfloat16,False,False,opus,10302,0,10.5756,opus_gemm_gfx942_wkc_512x32x16x64_1x1_16x16x16_0x0x0,0.0,25.38,452.37
gfx942,80,512,384,7168,False,torch.bfloat16,torch.bfloat16,False,False,opus,10200,6,41.101,opus_gemm_gfx942_splitk_legacy_512x128x128x64_2x4_16x16x16_0x0x0,0.0,68.58,322.09
gfx942,80,512,512,4096,False,torch.bfloat16,torch.bfloat16,False,False,opus,10210,0,29.1965,opus_gemm_gfx942_splitk_legacy_bf16ws_512x128x128x64_2x4_16x16x16_0x0x0,0.0,73.55,305.27
gfx942,80,512,512,7168,False,torch.bfloat16,torch.bfloat16,False,False,opus,10210,0,42.8344,opus_gemm_gfx942_splitk_legacy_bf16ws_512x128x128x64_2x4_16x16x16_0x0x0,0.0,87.74,354.96
gfx942,80,512,1024,7168,False,torch.bfloat16,torch.bfloat16,False,False,opus,10216,8,76.1271,opus_gemm_gfx942_splitk_quad_mfma32_bf16ws_256x256x256x32_2x2_32x32x8_6x0x0,0.0126,98.73,303.03
gfx942,80,512,2048,4096,False,torch.bfloat16,torch.bfloat16,False,False,opus,10216,5,64.5672,opus_gemm_gfx942_splitk_quad_mfma32_bf16ws_256x256x256x32_2x2_32x32x8_6x0x0,0.0094,133.04,357.28
gfx942,80,512,2048,7168,False,torch.bfloat16,torch.bfloat16,False,False,opus,10216,4,126.5625,opus_gemm_gfx942_splitk_quad_mfma32_bf16ws_256x256x256x32_2x2_32x32x8_6x0x0,0.0105,118.77,306.55
gfx942,80,512,4096,256,False,torch.bfloat16,torch.bfloat16,False,False,opus,10000,0,24.6361,opus_gemm_gfx942_512x128x128x64_2x4_16x16x16_0x0x0,0.0,43.58,266.02
gfx942,80,512,4096,1024,False,torch.bfloat16,torch.bfloat16,False,False,opus,10000,0,50.1838,opus_gemm_gfx942_512x128x128x64_2x4_16x16x16_0x0x0,0.0,85.58,271.63
gfx942,80,512,4096,2048,False,torch.bfloat16,torch.bfloat16,False,False,opus,10000,0,88.0807,opus_gemm_gfx942_512x128x128x64_2x4_16x16x16_0x0x0,0.0,97.52,261.9
gfx942,80,512,4096,4096,False,torch.bfloat16,torch.bfloat16,False,False,opus,10000,0,164.9728,opus_gemm_gfx942_512x128x128x64_2x4_16x16x16_0x0x0,0.0,104.14,254.24
gfx942,80,512,8192,1024,False,torch.bfloat16,torch.bfloat16,False,False,opus,10006,0,73.2241,opus_gemm_gfx942_quad_mfma32_256x256x256x32_2x2_32x32x8_0x0x0,0.0,117.31,358.0
gfx942,80,512,32320,4096,False,torch.bfloat16,torch.bfloat16,False,False,opus,10006,0,939.8063,opus_gemm_gfx942_quad_mfma32_256x256x256x32_2x2_32x32x8_0x0x0,0.0,144.24,321.4
gfx942,80,544,384,7168,False,torch.bfloat16,torch.bfloat16,False,False,opus,10200,5,45.3129,opus_gemm_gfx942_splitk_legacy_512x128x128x64_2x4_16x16x16_0x0x0,0.0,66.09,302.82
gfx942,80,544,512,7168,False,torch.bfloat16,torch.bfloat16,False,False,opus,10200,4,54.4878,opus_gemm_gfx942_splitk_legacy_512x128x128x64_2x4_16x16x16_0x0x0,0.0,73.28,288.06
gfx942,80,544,1024,7168,False,torch.bfloat16,torch.bfloat16,False,False,opus,10210,0,82.6086,opus_gemm_gfx942_splitk_legacy_bf16ws_512x128x128x64_2x4_16x16x16_0x0x0,0.0062,96.67,285.6
gfx942,80,544,2048,7168,False,torch.bfloat16,torch.bfloat16,False,False,opus,10000,0,144.6456,opus_gemm_gfx942_512x128x128x64_2x4_16x16x16_0x0x0,0.0,110.42,272.3
gfx942,80,544,4096,256,False,torch.bfloat16,torch.bfloat16,False,False,opus,10000,0,25.2922,opus_gemm_gfx942_512x128x128x64_2x4_16x16x16_0x0x0,0.0,45.11,270.13
gfx942,80,544,4096,1024,False,torch.bfloat16,torch.bfloat16,False,False,opus,10000,0,49.8565,opus_gemm_gfx942_512x128x128x64_2x4_16x16x16_0x0x0,0.0,91.53,279.99
gfx942,80,544,4096,2048,False,torch.bfloat16,torch.bfloat16,False,False,opus,10000,0,88.3844,opus_gemm_gfx942_512x128x128x64_2x4_16x16x16_0x0x0,0.0,103.26,265.45
gfx942,80,544,4096,4096,False,torch.bfloat16,torch.bfloat16,False,False,opus,10000,0,165.5185,opus_gemm_gfx942_512x128x128x64_2x4_16x16x16_0x0x0,0.0,110.28,256.57
gfx942,80,544,8192,1024,False,torch.bfloat16,torch.bfloat16,False,False,opus,10000,0,87.5911,opus_gemm_gfx942_512x128x128x64_2x4_16x16x16_0x0x0,0.0,104.2,306.02
gfx942,80,544,32320,4096,False,torch.bfloat16,torch.bfloat16,False,False,opus,10006,0,1156.738,opus_gemm_gfx942_quad_mfma32_256x256x256x32_2x2_32x32x8_0x0x0,0.0,124.52,263.14
gfx942,80,576,384,7168,False,torch.bfloat16,torch.bfloat16,False,False,opus,10200,5,45.2503,opus_gemm_gfx942_splitk_legacy_512x128x128x64_2x4_16x16x16_0x0x0,0.0,70.07,313.92
gfx942,80,576,512,7168,False,torch.bfloat16,torch.bfloat16,False,False,opus,10200,0,53.989,opus_gemm_gfx942_splitk_legacy_512x128x128x64_2x4_16x16x16_0x0x0,0.0,78.31,299.83
gfx942,80,576,1024,7168,False,torch.bfloat16,torch.bfloat16,False,False,opus,10210,2,82.489,opus_gemm_gfx942_splitk_legacy_bf16ws_512x128x128x64_2x4_16x16x16_0x0x0,0.0064,102.51,292.37
gfx942,80,576,2048,7168,False,torch.bfloat16,torch.bfloat16,False,False,opus,10000,0,144.0136,opus_gemm_gfx942_512x128x128x64_2x4_16x16x16_0x0x0,0.0,117.43,277.59
gfx942,80,576,4096,256,False,torch.bfloat16,torch.bfloat16,False,False,opus,10000,0,25.8941,opus_gemm_gfx942_512x128x128x64_2x4_16x16x16_0x0x0,0.0,46.65,274.61
gfx942,80,576,4096,1024,False,torch.bfloat16,torch.bfloat16,False,False,opus,10000,0,49.874,opus_gemm_gfx942_512x128x128x64_2x4_16x16x16_0x0x0,0.0,96.88,286.46
gfx942,80,576,4096,2048,False,torch.bfloat16,torch.bfloat16,False,False,opus,10000,0,88.6312,opus_gemm_gfx942_512x128x128x64_2x4_16x16x16_0x0x0,0.0,109.03,269.15
gfx942,80,576,4096,4096,False,torch.bfloat16,torch.bfloat16,False,False,opus,10000,0,165.4274,opus_gemm_gfx942_512x128x128x64_2x4_16x16x16_0x0x0,0.0,116.83,259.88
gfx942,80,576,8192,1024,False,torch.bfloat16,torch.bfloat16,False,False,opus,10000,0,88.7482,opus_gemm_gfx942_512x128x128x64_2x4_16x16x16_0x0x0,0.0,108.89,308.67
gfx942,80,576,32320,4096,False,torch.bfloat16,torch.bfloat16,False,False,opus,10006,0,1156.6705,opus_gemm_gfx942_quad_mfma32_256x256x256x32_2x2_32x32x8_0x0x0,0.0,131.85,265.17
gfx942,80,608,384,7168,False,torch.bfloat16,torch.bfloat16,False,False,opus,10200,5,45.7944,opus_gemm_gfx942_splitk_legacy_512x128x128x64_2x4_16x16x16_0x0x0,0.0,73.09,320.74
gfx942,80,608,512,7168,False,torch.bfloat16,torch.bfloat16,False,False,opus,10210,0,49.5677,opus_gemm_gfx942_splitk_legacy_bf16ws_512x128x128x64_2x4_16x16x16_0x0x0,0.0,90.03,336.49
gfx942,80,608,1024,7168,False,torch.bfloat16,torch.bfloat16,False,False,opus,10210,2,82.6551,opus_gemm_gfx942_splitk_legacy_bf16ws_512x128x128x64_2x4_16x16x16_0x0x0,0.0063,107.98,298.12
gfx942,80,608,2048,7168,False,torch.bfloat16,torch.bfloat16,False,False,opus,10000,0,144.4359,opus_gemm_gfx942_512x128x128x64_2x4_16x16x16_0x0x0,0.0,123.59,280.86
gfx942,80,608,4096,256,False,torch.bfloat16,torch.bfloat16,False,False,opus,10000,0,27.402,opus_gemm_gfx942_512x128x128x64_2x4_16x16x16_0x0x0,0.0,46.53,269.66
gfx942,80,608,4096,1024,False,torch.bfloat16,torch.bfloat16,False,False,opus,10000,0,50.6463,opus_gemm_gfx942_512x128x128x64_2x4_16x16x16_0x0x0,0.0,100.7,288.56
gfx942,80,608,4096,2048,False,torch.bfloat16,torch.bfloat16,False,False,opus,10000,0,89.1171,opus_gemm_gfx942_512x128x128x64_2x4_16x16x16_0x0x0,0.0,114.46,272.1
gfx942,80,608,4096,4096,False,torch.bfloat16,torch.bfloat16,False,False,opus,10000,0,167.009,opus_gemm_gfx942_512x128x128x64_2x4_16x16x16_0x0x0,0.0,122.16,260.56
gfx942,80,608,8192,1024,False,torch.bfloat16,torch.bfloat16,False,False,opus,10000,0,90.9194,opus_gemm_gfx942_512x128x128x64_2x4_16x16x16_0x0x0,0.0,112.19,307.79
gfx942,80,608,32320,4096,False,torch.bfloat16,torch.bfloat16,False,False,opus,10006,0,1208.0959,opus_gemm_gfx942_quad_mfma32_256x256x256x32_2x2_32x32x8_0x0x0,0.0,133.25,255.81
gfx942,80,640,384,7168,False,torch.bfloat16,torch.bfloat16,False,False,opus,10200,5,45.5696,opus_gemm_gfx942_splitk_legacy_512x128x128x64_2x4_16x16x16_0x0x0,0.0,77.32,332.93
gfx942,80,640,512,7168,False,torch.bfloat16,torch.bfloat16,False,False,opus,10200,0,50.224,opus_gemm_gfx942_splitk_legacy_512x128x128x64_2x4_16x16x16_0x0x0,0.0,93.53,341.88
gfx942,80,640,1024,7168,False,torch.bfloat16,torch.bfloat16,False,False,opus,10210,2,85.1632,opus_gemm_gfx942_splitk_legacy_bf16ws_512x128x128x64_2x4_16x16x16_0x0x0,0.0063,110.32,295.5
gfx942,80,640,2048,7168,False,torch.bfloat16,torch.bfloat16,False,False,opus,10000,0,151.0107,opus_gemm_gfx942_512x128x128x64_2x4_16x16x16_0x0x0,0.0,124.43,272.54
gfx942,80,640,4096,256,False,torch.bfloat16,torch.bfloat16,False,False,opus,10000,0,25.0083,opus_gemm_gfx942_512x128x128x64_2x4_16x16x16_0x0x0,0.0,53.67,306.61
gfx942,80,640,4096,1024,False,torch.bfloat16,torch.bfloat16,False,False,opus,10000,0,49.9553,opus_gemm_gfx942_512x128x128x64_2x4_16x16x16_0x0x0,0.0,107.47,299.11
gfx942,80,640,4096,2048,False,torch.bfloat16,torch.bfloat16,False,False,opus,10000,0,89.232,opus_gemm_gfx942_512x128x128x64_2x4_16x16x16_0x0x0,0.0,120.33,276.15
gfx942,80,640,4096,4096,False,torch.bfloat16,torch.bfloat16,False,False,opus,10000,0,166.5698,opus_gemm_gfx942_512x128x128x64_2x4_16x16x16_0x0x0,0.0,128.92,264.39
gfx942,80,640,8192,1024,False,torch.bfloat16,torch.bfloat16,False,False,opus,10000,0,89.6238,opus_gemm_gfx942_512x128x128x64_2x4_16x16x16_0x0x0,0.0,119.81,318.82
gfx942,80,640,32320,4096,False,torch.bfloat16,torch.bfloat16,False,False,opus,10006,0,1178.0274,opus_gemm_gfx942_quad_mfma32_256x256x256x32_2x2_32x32x8_0x0x0,0.0,143.84,264.32
gfx942,80,672,384,7168,False,torch.bfloat16,torch.bfloat16,False,False,opus,10204,3,54.0849,opus_gemm_gfx942_splitk_em3en4_lds1_pgr2_256x128x96x128_2x2_16x16x16_0x0x0,0.0,68.4,289.45
gfx942,80,672,512,7168,False,torch.bfloat16,torch.bfloat16,False,False,opus,10210,3,62.2727,opus_gemm_gfx942_splitk_legacy_bf16ws_512x128x128x64_2x4_16x16x16_0x0x0,0.0094,79.21,283.62
gfx942,80,672,1024,7168,False,torch.bfloat16,torch.bfloat16,False,False,opus,10210,5,110.1695,opus_gemm_gfx942_splitk_legacy_bf16ws_512x128x128x64_2x4_16x16x16_0x0x0,0.0113,89.54,233.19
gfx942,80,672,2048,7168,False,torch.bfloat16,torch.bfloat16,False,False,opus,10210,4,196.0949,opus_gemm_gfx942_splitk_legacy_bf16ws_512x128x128x64_2x4_16x16x16_0x0x0,0.0107,100.61,212.89
gfx942,80,672,4096,256,False,torch.bfloat16,torch.bfloat16,False,False,opus,10000,0,31.1907,opus_gemm_gfx942_512x128x128x64_2x4_16x16x16_0x0x0,0.0,45.18,254.76
gfx942,80,672,4096,1024,False,torch.bfloat16,torch.bfloat16,False,False,opus,10000,0,67.1072,opus_gemm_gfx942_512x128x128x64_2x4_16x16x16_0x0x0,0.0,84.0,227.54
gfx942,80,672,4096,2048,False,torch.bfloat16,torch.bfloat16,False,False,opus,10000,0,120.9738,opus_gemm_gfx942_512x128x128x64_2x4_16x16x16_0x0x0,0.0,93.2,206.94
gfx942,80,672,4096,4096,False,torch.bfloat16,torch.bfloat16,False,False,opus,10200,2,223.6562,opus_gemm_gfx942_splitk_legacy_512x128x128x64_2x4_16x16x16_0x0x0,0.0,100.82,199.25
gfx942,80,672,8192,1024,False,torch.bfloat16,torch.bfloat16,False,False,opus,10000,0,106.525,opus_gemm_gfx942_512x128x128x64_2x4_16x16x16_0x0x0,0.0,105.84,273.77
gfx942,80,672,32320,4096,False,torch.bfloat16,torch.bfloat16,False,False,opus,10006,0,1199.8431,opus_gemm_gfx942_quad_mfma32_256x256x256x32_2x2_32x32x8_0x0x0,0.0,148.29,261.46
gfx942,80,704,384,7168,False,torch.bfloat16,torch.bfloat16,False,False,opus,10200,4,55.443,opus_gemm_gfx942_splitk_legacy_512x128x128x64_2x4_16x16x16_0x0x0,0.0,69.9,291.08
gfx942,80,704,512,7168,False,torch.bfloat16,torch.bfloat16,False,False,opus,10210,3,62.2879,opus_gemm_gfx942_splitk_legacy_bf16ws_512x128x128x64_2x4_16x16x16_0x0x0,0.0094,82.96,291.44
gfx942,80,704,1024,7168,False,torch.bfloat16,torch.bfloat16,False,False,opus,10216,6,107.7241,opus_gemm_gfx942_splitk_quad_mfma32_bf16ws_256x256x256x32_2x2_32x32x8_6x0x0,0.0118,95.94,243.35
gfx942,80,704,2048,7168,False,torch.bfloat16,torch.bfloat16,False,False,opus,10210,4,196.7369,opus_gemm_gfx942_splitk_legacy_bf16ws_512x128x128x64_2x4_16x16x16_0x0x0,0.0107,105.06,215.19
gfx942,80,704,4096,256,False,torch.bfloat16,torch.bfloat16,False,False,opus,10000,0,32.5499,opus_gemm_gfx942_512x128x128x64_2x4_16x16x16_0x0x0,0.0,45.36,252.68
gfx942,80,704,4096,1024,False,torch.bfloat16,torch.bfloat16,False,False,opus,10000,0,67.7701,opus_gemm_gfx942_512x128x128x64_2x4_16x16x16_0x0x0,0.0,87.14,230.15
gfx942,80,704,4096,2048,False,torch.bfloat16,torch.bfloat16,False,False,opus,10000,0,122.103,opus_gemm_gfx942_512x128x128x64_2x4_16x16x16_0x0x0,0.0,96.73,208.25
gfx942,80,704,4096,4096,False,torch.bfloat16,torch.bfloat16,False,False,opus,10200,2,224.2764,opus_gemm_gfx942_splitk_legacy_512x128x128x64_2x4_16x16x16_0x0x0,0.0,105.33,201.04
gfx942,80,704,8192,1024,False,torch.bfloat16,torch.bfloat16,False,False,opus,10000,0,107.7113,opus_gemm_gfx942_512x128x128x64_2x4_16x16x16_0x0x0,0.0,109.66,276.23
gfx942,80,704,32320,4096,False,torch.bfloat16,torch.bfloat16,False,False,opus,10006,0,1171.2383,opus_gemm_gfx942_quad_mfma32_256x256x256x32_2x2_32x32x8_0x0x0,0.0,159.14,269.83
gfx942,80,736,384,7168,False,torch.bfloat16,torch.bfloat16,False,False,opus,10204,3,54.139,opus_gemm_gfx942_splitk_em3en4_lds1_pgr2_256x128x96x128_2x2_16x16x16_0x0x0,0.0,74.84,307.02
gfx942,80,736,512,7168,False,torch.bfloat16,torch.bfloat16,False,False,opus,10200,3,60.7273,opus_gemm_gfx942_splitk_legacy_512x128x128x64_2x4_16x16x16_0x0x0,0.0,88.96,307.03
gfx942,80,736,1024,7168,False,torch.bfloat16,torch.bfloat16,False,False,opus,10210,5,111.3528,opus_gemm_gfx942_splitk_legacy_bf16ws_512x128x128x64_2x4_16x16x16_0x0x0,0.0112,97.03,240.13
gfx942,80,736,2048,7168,False,torch.bfloat16,torch.bfloat16,False,False,opus,10210,4,199.4617,opus_gemm_gfx942_splitk_legacy_bf16ws_512x128x128x64_2x4_16x16x16_0x0x0,0.0104,108.34,215.21
gfx942,80,736,4096,256,False,torch.bfloat16,torch.bfloat16,False,False,opus,10000,0,33.4997,opus_gemm_gfx942_512x128x128x64_2x4_16x16x16_0x0x0,0.0,46.08,253.83
gfx942,80,736,4096,1024,False,torch.bfloat16,torch.bfloat16,False,False,opus,10000,0,68.6568,opus_gemm_gfx942_512x128x128x64_2x4_16x16x16_0x0x0,0.0,89.93,231.95
gfx942,80,736,4096,2048,False,torch.bfloat16,torch.bfloat16,False,False,opus,10000,0,125.416,opus_gemm_gfx942_512x128x128x64_2x4_16x16x16_0x0x0,0.0,98.46,205.88
gfx942,80,736,4096,4096,False,torch.bfloat16,torch.bfloat16,False,False,opus,10200,2,227.9482,opus_gemm_gfx942_splitk_legacy_512x128x128x64_2x4_16x16x16_0x0x0,0.0,108.34,200.1
gfx942,80,736,8192,1024,False,torch.bfloat16,torch.bfloat16,False,False,opus,10000,0,109.5476,opus_gemm_gfx942_512x128x128x64_2x4_16x16x16_0x0x0,0.0,112.72,276.99
gfx942,80,736,32320,4096,False,torch.bfloat16,torch.bfloat16,False,False,opus,10006,0,1198.1082,opus_gemm_gfx942_quad_mfma32_256x256x256x32_2x2_32x32x8_0x0x0,0.0,162.65,265.73
gfx942,80,768,384,7168,False,torch.bfloat16,torch.bfloat16,False,False,opus,10200,4,51.6252,opus_gemm_gfx942_splitk_legacy_512x128x128x64_2x4_16x16x16_0x0x0,0.0,81.9,331.33
gfx942,80,768,512,7168,False,torch.bfloat16,torch.bfloat16,False,False,opus,10200,3,61.6035,opus_gemm_gfx942_splitk_legacy_512x128x128x64_2x4_16x16x16_0x0x0,0.0,91.51,310.64
gfx942,80,768,1024,7168,False,torch.bfloat16,torch.bfloat16,False,False,opus,10216,6,88.7433,opus_gemm_gfx942_splitk_quad_mfma32_bf16ws_256x256x256x32_2x2_32x32x8_6x0x0,0.0116,127.04,307.21
gfx942,80,768,2048,7168,False,torch.bfloat16,torch.bfloat16,False,False,opus,10216,6,163.9978,opus_gemm_gfx942_splitk_quad_mfma32_bf16ws_256x256x256x32_2x2_32x32x8_6x0x0,0.0117,137.49,265.34
gfx942,80,768,4096,256,False,torch.bfloat16,torch.bfloat16,False,False,opus,10000,0,31.5502,opus_gemm_gfx942_512x128x128x64_2x4_16x16x16_0x0x0,0.0,51.05,278.34
gfx942,80,768,4096,1024,False,torch.bfloat16,torch.bfloat16,False,False,opus,10000,0,66.9669,opus_gemm_gfx942_512x128x128x64_2x4_16x16x16_0x0x0,0.0,96.2,242.7
gfx942,80,768,4096,2048,False,torch.bfloat16,torch.bfloat16,False,False,opus,10000,0,123.5519,opus_gemm_gfx942_512x128x128x64_2x4_16x16x16_0x0x0,0.0,104.29,212.17
gfx942,80,768,4096,4096,False,torch.bfloat16,torch.bfloat16,False,False,opus,10200,2,228.0546,opus_gemm_gfx942_splitk_legacy_512x128x128x64_2x4_16x16x16_0x0x0,0.0,113.0,202.31
gfx942,80,768,8192,1024,False,torch.bfloat16,torch.bfloat16,False,False,opus,10000,0,108.0776,opus_gemm_gfx942_512x128x128x64_2x4_16x16x16_0x0x0,0.0,119.22,286.21
gfx942,80,768,32320,4096,False,torch.bfloat16,torch.bfloat16,False,False,opus,10006,0,1172.1383,opus_gemm_gfx942_quad_mfma32_256x256x256x32_2x2_32x32x8_0x0x0,0.0,173.48,273.6
gfx942,80,800,384,7168,False,torch.bfloat16,torch.bfloat16,False,False,asm,6,1,61.6586,_ZN5aiter37bf16gemm_fp32bf16_tn_64x64_pf3_splitkE,0.0,71.43,285.25
gfx942,80,800,512,7168,False,torch.bfloat16,torch.bfloat16,False,False,opus,10216,0,64.7628,opus_gemm_gfx942_splitk_quad_mfma32_bf16ws_256x256x256x32_2x2_32x32x8_6x0x0,0.0124,90.67,303.08
gfx942,80,800,1024,7168,False,torch.bfloat16,torch.bfloat16,False,False,opus,10216,0,110.1694,opus_gemm_gfx942_splitk_quad_mfma32_bf16ws_256x256x256x32_2x2_32x32x8_6x0x0,0.0105,106.6,252.22
gfx942,80,800,2048,7168,False,torch.bfloat16,torch.bfloat16,False,False,opus,10216,0,200.0435,opus_gemm_gfx942_splitk_quad_mfma32_bf16ws_256x256x256x32_2x2_32x32x8_6x0x0,0.0062,117.41,220.48
gfx942,80,800,4096,256,False,torch.bfloat16,torch.bfloat16,False,False,opus,10000,0,32.3242,opus_gemm_gfx942_512x128x128x64_2x4_16x16x16_0x0x0,0.0,51.9,280.3
gfx942,80,800,4096,1024,False,torch.bfloat16,torch.bfloat16,False,False,opus,10006,0,65.2458,opus_gemm_gfx942_quad_mfma32_256x256x256x32_2x2_32x32x8_0x0x0,0.0,102.86,254.13
gfx942,80,800,4096,2048,False,torch.bfloat16,torch.bfloat16,False,False,opus,10006,0,117.792,opus_gemm_gfx942_quad_mfma32_256x256x256x32_2x2_32x32x8_0x0x0,0.0,113.94,225.89
gfx942,80,800,4096,4096,False,torch.bfloat16,torch.bfloat16,False,False,opus,10006,0,220.9488,opus_gemm_gfx942_quad_mfma32_256x256x256x32_2x2_32x32x8_0x0x0,0.0,121.49,211.19
gfx942,80,800,8192,1024,False,torch.bfloat16,torch.bfloat16,False,False,opus,10000,0,125.0749,opus_gemm_gfx942_512x128x128x64_2x4_16x16x16_0x0x0,0.0,107.31,252.03
gfx942,80,800,32320,4096,False,torch.bfloat16,torch.bfloat16,False,False,opus,10006,0,1634.2346,opus_gemm_gfx942_quad_mfma32_256x256x256x32_2x2_32x32x8_0x0x0,0.0,129.61,197.67
gfx942,80,832,384,7168,False,torch.bfloat16,torch.bfloat16,False,False,opus,10201,2,62.4685,opus_gemm_gfx942_splitk_p1_256x64x64x64_2x2_16x16x16_0x0x0,0.0,73.32,289.29
gfx942,80,832,512,7168,False,torch.bfloat16,torch.bfloat16,False,False,opus,10216,0,69.3529,opus_gemm_gfx942_splitk_quad_mfma32_bf16ws_256x256x256x32_2x2_32x32x8_6x0x0,0.0122,88.06,290.1
gfx942,80,832,1024,7168,False,torch.bfloat16,torch.bfloat16,False,False,opus,10216,0,113.5142,opus_gemm_gfx942_splitk_quad_mfma32_bf16ws_256x256x256x32_2x2_32x32x8_6x0x0,0.0105,107.6,249.41
gfx942,80,832,2048,7168,False,torch.bfloat16,torch.bfloat16,False,False,opus,10216,0,204.7119,opus_gemm_gfx942_splitk_quad_mfma32_bf16ws_256x256x256x32_2x2_32x32x8_6x0x0,0.0063,119.33,218.33
gfx942,80,832,4096,256,False,torch.bfloat16,torch.bfloat16,False,False,opus,10000,0,32.8268,opus_gemm_gfx942_512x128x128x64_2x4_16x16x16_0x0x0,0.0,53.15,284.49
gfx942,80,832,4096,1024,False,torch.bfloat16,torch.bfloat16,False,False,opus,10006,0,69.3185,opus_gemm_gfx942_quad_mfma32_256x256x256x32_2x2_32x32x8_0x0x0,0.0,100.68,243.92
gfx942,80,832,4096,2048,False,torch.bfloat16,torch.bfloat16,False,False,opus,10006,0,121.305,opus_gemm_gfx942_quad_mfma32_256x256x256x32_2x2_32x32x8_0x0x0,0.0,115.07,222.59
gfx942,80,832,4096,4096,False,torch.bfloat16,torch.bfloat16,False,False,opus,10006,0,222.8531,opus_gemm_gfx942_quad_mfma32_256x256x256x32_2x2_32x32x8_0x0x0,0.0,125.27,211.74
gfx942,80,832,8192,1024,False,torch.bfloat16,torch.bfloat16,False,False,opus,10000,0,126.5111,opus_gemm_gfx942_512x128x128x64_2x4_16x16x16_0x0x0,0.0,110.34,253.83
gfx942,80,832,32320,4096,False,torch.bfloat16,torch.bfloat16,False,False,opus,10006,0,1629.9861,opus_gemm_gfx942_quad_mfma32_256x256x256x32_2x2_32x32x8_0x0x0,0.0,135.15,199.61
gfx942,80,864,384,7168,False,torch.bfloat16,torch.bfloat16,False,False,opus,10200,3,63.069,opus_gemm_gfx942_splitk_legacy_512x128x128x64_2x4_16x16x16_0x0x0,0.0,75.41,294.2
gfx942,80,864,512,7168,False,torch.bfloat16,torch.bfloat16,False,False,opus,10216,0,72.4752,opus_gemm_gfx942_splitk_quad_mfma32_bf16ws_256x256x256x32_2x2_32x32x8_6x0x0,0.0122,87.5,284.39
gfx942,80,864,1024,7168,False,torch.bfloat16,torch.bfloat16,False,False,opus,10216,4,119.3426,opus_gemm_gfx942_splitk_quad_mfma32_bf16ws_256x256x256x32_2x2_32x32x8_6x0x0,0.0105,106.28,241.62
gfx942,80,864,2048,7168,False,torch.bfloat16,torch.bfloat16,False,False,opus,10216,0,208.093,opus_gemm_gfx942_splitk_quad_mfma32_bf16ws_256x256x256x32_2x2_32x32x8_6x0x0,0.0063,121.9,217.62
gfx942,80,864,4096,256,False,torch.bfloat16,torch.bfloat16,False,False,opus,10000,0,34.284,opus_gemm_gfx942_512x128x128x64_2x4_16x16x16_0x0x0,0.0,52.85,280.52
gfx942,80,864,4096,1024,False,torch.bfloat16,torch.bfloat16,False,False,opus,10006,0,72.5074,opus_gemm_gfx942_quad_mfma32_256x256x256x32_2x2_32x32x8_0x0x0,0.0,99.96,237.71
gfx942,80,864,4096,2048,False,torch.bfloat16,torch.bfloat16,False,False,opus,10006,0,125.2553,opus_gemm_gfx942_quad_mfma32_256x256x256x32_2x2_32x32x8_0x0x0,0.0,115.73,218.71
gfx942,80,864,4096,4096,False,torch.bfloat16,torch.bfloat16,False,False,opus,10006,0,227.6644,opus_gemm_gfx942_quad_mfma32_256x256x256x32_2x2_32x32x8_0x0x0,0.0,127.34,209.56
gfx942,80,864,8192,1024,False,torch.bfloat16,torch.bfloat16,False,False,opus,10000,0,128.6918,opus_gemm_gfx942_512x128x128x64_2x4_16x16x16_0x0x0,0.0,112.64,254.11
gfx942,80,864,32320,4096,False,torch.bfloat16,torch.bfloat16,False,False,opus,10006,0,1621.772,opus_gemm_gfx942_quad_mfma32_256x256x256x32_2x2_32x32x8_0x0x0,0.0,141.05,202.06
gfx942,80,896,384,7168,False,torch.bfloat16,torch.bfloat16,False,False,opus,10200,3,64.0635,opus_gemm_gfx942_splitk_legacy_512x128x128x64_2x4_16x16x16_0x0x0,0.0,76.99,297.18
gfx942,80,896,512,7168,False,torch.bfloat16,torch.bfloat16,False,False,opus,10200,5,78.3774,opus_gemm_gfx942_splitk_legacy_512x128x128x64_2x4_16x16x16_0x0x0,0.0,83.91,269.24
gfx942,80,896,1024,7168,False,torch.bfloat16,torch.bfloat16,False,False,opus,10204,0,122.2459,opus_gemm_gfx942_splitk_em3en4_lds1_pgr2_256x128x96x128_2x2_16x16x16_0x0x0,0.0001,107.6,240.17
gfx942,80,896,2048,7168,False,torch.bfloat16,torch.bfloat16,False,False,opus,10216,0,215.5319,opus_gemm_gfx942_splitk_quad_mfma32_bf16ws_256x256x256x32_2x2_32x32x8_6x0x0,0.0063,122.05,212.85
gfx942,80,896,4096,256,False,torch.bfloat16,torch.bfloat16,False,False,opus,10000,0,31.9122,opus_gemm_gfx942_512x128x128x64_2x4_16x16x16_0x0x0,0.0,58.88,310.1
gfx942,80,896,4096,1024,False,torch.bfloat16,torch.bfloat16,False,False,opus,10000,0,72.5613,opus_gemm_gfx942_512x128x128x64_2x4_16x16x16_0x0x0,0.0,103.58,242.05
gfx942,80,896,4096,2048,False,torch.bfloat16,torch.bfloat16,False,False,opus,10000,0,129.3996,opus_gemm_gfx942_512x128x128x64_2x4_16x16x16_0x0x0,0.0,116.17,214.74
gfx942,80,896,4096,4096,False,torch.bfloat16,torch.bfloat16,False,False,opus,10006,0,234.335,opus_gemm_gfx942_quad_mfma32_256x256x256x32_2x2_32x32x8_0x0x0,0.0,128.3,205.84
gfx942,80,896,8192,1024,False,torch.bfloat16,torch.bfloat16,False,False,opus,10000,0,127.1591,opus_gemm_gfx942_512x128x128x64_2x4_16x16x16_0x0x0,0.0,118.22,261.82
gfx942,80,896,32320,4096,False,torch.bfloat16,torch.bfloat16,False,False,opus,10006,0,1625.0578,opus_gemm_gfx942_quad_mfma32_256x256x256x32_2x2_32x32x8_0x0x0,0.0,145.98,203.08
gfx942,80,928,384,7168,False,torch.bfloat16,torch.bfloat16,False,False,opus,10204,2,63.47,opus_gemm_gfx942_splitk_em3en4_lds1_pgr2_256x128x96x128_2x2_16x16x16_0x0x0,0.0,80.49,307.57
gfx942,80,928,512,7168,False,torch.bfloat16,torch.bfloat16,False,False,opus,10210,5,79.6231,opus_gemm_gfx942_splitk_legacy_bf16ws_512x128x128x64_2x4_16x16x16_0x0x0,0.0113,85.55,271.2
gfx942,80,928,1024,7168,False,torch.bfloat16,torch.bfloat16,False,False,opus,10216,4,136.1321,opus_gemm_gfx942_splitk_quad_mfma32_bf16ws_256x256x256x32_2x2_32x32x8_6x0x0,0.0105,100.07,219.53
gfx942,80,928,2048,7168,False,torch.bfloat16,torch.bfloat16,False,False,opus,10216,2,220.0682,opus_gemm_gfx942_splitk_quad_mfma32_bf16ws_256x256x256x32_2x2_32x32x8_6x0x0,0.0063,123.81,211.14
gfx942,80,928,4096,256,False,torch.bfloat16,torch.bfloat16,False,False,opus,10000,0,37.8221,opus_gemm_gfx942_512x128x128x64_2x4_16x16x16_0x0x0,0.0,51.46,269.01
gfx942,80,928,4096,1024,False,torch.bfloat16,torch.bfloat16,False,False,opus,10006,0,83.4406,opus_gemm_gfx942_quad_mfma32_256x256x256x32_2x2_32x32x8_0x0x0,0.0,93.3,214.42
gfx942,80,928,4096,2048,False,torch.bfloat16,torch.bfloat16,False,False,opus,10006,0,138.2408,opus_gemm_gfx942_quad_mfma32_256x256x256x32_2x2_32x32x8_0x0x0,0.0,112.62,203.85
gfx942,80,928,4096,4096,False,torch.bfloat16,torch.bfloat16,False,False,opus,10006,0,240.8724,opus_gemm_gfx942_quad_mfma32_256x256x256x32_2x2_32x32x8_0x0x0,0.0,129.27,202.43
gfx942,80,928,8192,1024,False,torch.bfloat16,torch.bfloat16,False,False,opus,10000,0,144.1832,opus_gemm_gfx942_512x128x128x64_2x4_16x16x16_0x0x0,0.0,107.98,234.99
gfx942,80,928,32320,4096,False,torch.bfloat16,torch.bfloat16,False,False,opus,10006,0,1617.039,opus_gemm_gfx942_quad_mfma32_256x256x256x32_2x2_32x32x8_0x0x0,0.0,151.95,205.53
gfx942,80,960,384,7168,False,torch.bfloat16,torch.bfloat16,False,False,opus,10200,3,63.8488,opus_gemm_gfx942_splitk_legacy_512x128x128x64_2x4_16x16x16_0x0x0,0.0,82.77,313.32
gfx942,80,960,512,7168,False,torch.bfloat16,torch.bfloat16,False,False,opus,10210,5,79.2255,opus_gemm_gfx942_splitk_legacy_bf16ws_512x128x128x64_2x4_16x16x16_0x0x0,0.0113,88.94,278.77
gfx942,80,960,1024,7168,False,torch.bfloat16,torch.bfloat16,False,False,opus,10216,0,143.1662,opus_gemm_gfx942_splitk_quad_mfma32_bf16ws_256x256x256x32_2x2_32x32x8_6x0x0,0.0105,98.44,212.4
gfx942,80,960,2048,7168,False,torch.bfloat16,torch.bfloat16,False,False,opus,10216,0,225.6161,opus_gemm_gfx942_splitk_quad_mfma32_bf16ws_256x256x256x32_2x2_32x32x8_6x0x0,0.0062,124.93,208.56
gfx942,80,960,4096,256,False,torch.bfloat16,torch.bfloat16,False,False,opus,10000,0,38.0747,opus_gemm_gfx942_512x128x128x64_2x4_16x16x16_0x0x0,0.0,52.88,274.54
gfx942,80,960,4096,1024,False,torch.bfloat16,torch.bfloat16,False,False,opus,10000,0,85.7512,opus_gemm_gfx942_512x128x128x64_2x4_16x16x16_0x0x0,0.0,93.91,212.46
gfx942,80,960,4096,2048,False,torch.bfloat16,torch.bfloat16,False,False,opus,10006,0,145.9369,opus_gemm_gfx942_quad_mfma32_256x256x256x32_2x2_32x32x8_0x0x0,0.0,110.36,195.79
gfx942,80,960,4096,4096,False,torch.bfloat16,torch.bfloat16,False,False,opus,10006,0,249.1234,opus_gemm_gfx942_quad_mfma32_256x256x256x32_2x2_32x32x8_0x0x0,0.0,129.3,197.83
gfx942,80,960,8192,1024,False,torch.bfloat16,torch.bfloat16,False,False,opus,10000,0,144.9161,opus_gemm_gfx942_512x128x128x64_2x4_16x16x16_0x0x0,0.0,111.14,237.88
gfx942,80,960,32320,4096,False,torch.bfloat16,torch.bfloat16,False,False,opus,10006,0,1651.2708,opus_gemm_gfx942_quad_mfma32_256x256x256x32_2x2_32x32x8_0x0x0,0.0,153.93,202.68
gfx942,80,992,384,7168,False,torch.bfloat16,torch.bfloat16,False,False,opus,10200,3,64.0178,opus_gemm_gfx942_splitk_legacy_512x128x128x64_2x4_16x16x16_0x0x0,0.0,85.3,320.04
gfx942,80,992,512,7168,False,torch.bfloat16,torch.bfloat16,False,False,opus,10210,5,79.4487,opus_gemm_gfx942_splitk_legacy_bf16ws_512x128x128x64_2x4_16x16x16_0x0x0,0.0113,91.65,284.17
gfx942,80,992,1024,7168,False,torch.bfloat16,torch.bfloat16,False,False,opus,10210,5,144.9329,opus_gemm_gfx942_splitk_legacy_bf16ws_512x128x128x64_2x4_16x16x16_0x0x0,0.0111,100.48,213.43
gfx942,80,992,2048,7168,False,torch.bfloat16,torch.bfloat16,False,False,opus,10216,2,231.1257,opus_gemm_gfx942_splitk_quad_mfma32_bf16ws_256x256x256x32_2x2_32x32x8_6x0x0,0.0062,126.01,206.14
gfx942,80,992,4096,256,False,torch.bfloat16,torch.bfloat16,False,False,opus,10000,0,38.8125,opus_gemm_gfx942_512x128x128x64_2x4_16x16x16_0x0x0,0.0,53.6,276.5
gfx942,80,992,4096,1024,False,torch.bfloat16,torch.bfloat16,False,False,opus,10000,0,86.0399,opus_gemm_gfx942_512x128x128x64_2x4_16x16x16_0x0x0,0.0,96.72,215.56
gfx942,80,992,4096,2048,False,torch.bfloat16,torch.bfloat16,False,False,opus,10006,0,149.3701,opus_gemm_gfx942_quad_mfma32_256x256x256x32_2x2_32x32x8_0x0x0,0.0,111.42,193.93
gfx942,80,992,4096,4096,False,torch.bfloat16,torch.bfloat16,False,False,opus,10006,0,257.0723,opus_gemm_gfx942_quad_mfma32_256x256x256x32_2x2_32x32x8_0x0x0,0.0,129.48,193.75
gfx942,80,992,8192,1024,False,torch.bfloat16,torch.bfloat16,False,False,opus,10000,0,147.2472,opus_gemm_gfx942_512x128x128x64_2x4_16x16x16_0x0x0,0.0,113.03,238.11
gfx942,80,992,32320,4096,False,torch.bfloat16,torch.bfloat16,False,False,opus,10006,0,1654.6373,opus_gemm_gfx942_quad_mfma32_256x256x256x32_2x2_32x32x8_0x0x0,0.0,158.73,203.68
gfx942,80,1024,384,7168,False,torch.bfloat16,torch.bfloat16,False,False,opus,10200,3,64.618,opus_gemm_gfx942_splitk_legacy_512x128x128x64_2x4_16x16x16_0x0x0,0.0,87.24,324.55
gfx942,80,1024,512,7168,False,torch.bfloat16,torch.bfloat16,False,False,opus,10216,0,69.8401,opus_gemm_gfx942_splitk_quad_mfma32_bf16ws_256x256x256x32_2x2_32x32x8_6x0x0,0.0126,107.62,330.31
gfx942,80,1024,1024,7168,False,torch.bfloat16,torch.bfloat16,False,False,opus,10216,0,122.3998,opus_gemm_gfx942_splitk_quad_mfma32_bf16ws_256x256x256x32_2x2_32x32x8_6x0x0,0.0103,122.81,257.0
gfx942,80,1024,2048,7168,False,torch.bfloat16,torch.bfloat16,False,False,opus,10216,2,204.7715,opus_gemm_gfx942_splitk_quad_mfma32_bf16ws_256x256x256x32_2x2_32x32x8_6x0x0,0.0062,146.82,235.55
gfx942,80,1024,4096,256,False,torch.bfloat16,torch.bfloat16,False,False,opus,10006,0,33.1248,opus_gemm_gfx942_quad_mfma32_256x256x256x32_2x2_32x32x8_0x0x0,0.0,64.83,332.38
gfx942,80,1024,4096,1024,False,torch.bfloat16,torch.bfloat16,False,False,opus,10006,0,69.1981,opus_gemm_gfx942_quad_mfma32_256x256x256x32_2x2_32x32x8_0x0x0,0.0,124.14,272.76
gfx942,80,1024,4096,2048,False,torch.bfloat16,torch.bfloat16,False,False,opus,10006,0,130.9293,opus_gemm_gfx942_quad_mfma32_256x256x256x32_2x2_32x32x8_0x0x0,0.0,131.21,224.24
gfx942,80,1024,4096,4096,False,torch.bfloat16,torch.bfloat16,False,False,opus,10006,0,234.3291,opus_gemm_gfx942_quad_mfma32_256x256x256x32_2x2_32x32x8_0x0x0,0.0,146.63,214.79
gfx942,80,1024,8192,1024,False,torch.bfloat16,torch.bfloat16,False,False,opus,10006,0,133.0623,opus_gemm_gfx942_quad_mfma32_256x256x256x32_2x2_32x32x8_0x0x0,0.0,129.11,267.93
gfx942,80,1024,32320,4096,False,torch.bfloat16,torch.bfloat16,False,False,opus,10006,0,1629.401,opus_gemm_gfx942_quad_mfma32_256x256x256x32_2x2_32x32x8_0x0x0,0.0,166.39,208.26
gfx942,80,1088,384,7168,False,torch.bfloat16,torch.bfloat16,False,False,opus,10204,2,68.9803,opus_gemm_gfx942_splitk_em3en4_lds1_pgr2_256x128x96x128_2x2_16x16x16_0x0x0,0.0003,86.83,318.04
gfx942,80,1088,512,7168,False,torch.bfloat16,torch.bfloat16,False,False,opus,10216,0,70.9618,opus_gemm_gfx942_splitk_quad_mfma32_bf16ws_256x256x256x32_2x2_32x32x8_6x0x0,0.0125,112.54,338.94
gfx942,80,1088,1024,7168,False,torch.bfloat16,torch.bfloat16,False,False,opus,10216,4,116.6238,opus_gemm_gfx942_splitk_quad_mfma32_bf16ws_256x256x256x32_2x2_32x32x8_6x0x0,0.0103,136.95,278.72
gfx942,80,1088,2048,7168,False,torch.bfloat16,torch.bfloat16,False,False,opus,10216,0,209.5445,opus_gemm_gfx942_splitk_quad_mfma32_bf16ws_256x256x256x32_2x2_32x32x8_6x0x0,0.0062,152.44,235.82
gfx942,80,1088,4096,256,False,torch.bfloat16,torch.bfloat16,False,False,opus,10006,0,38.0536,opus_gemm_gfx942_quad_mfma32_256x256x256x32_2x2_32x32x8_0x0x0,0.0,59.96,303.97
gfx942,80,1088,4096,1024,False,torch.bfloat16,torch.bfloat16,False,False,opus,10006,0,71.3684,opus_gemm_gfx942_quad_mfma32_256x256x256x32_2x2_32x32x8_0x0x0,0.0,127.88,273.65
gfx942,80,1088,4096,2048,False,torch.bfloat16,torch.bfloat16,False,False,opus,10006,0,123.1017,opus_gemm_gfx942_quad_mfma32_256x256x256x32_2x2_32x32x8_0x0x0,0.0,148.28,244.89
gfx942,80,1088,4096,4096,False,torch.bfloat16,torch.bfloat16,False,False,opus,10006,0,231.4342,opus_gemm_gfx942_quad_mfma32_256x256x256x32_2x2_32x32x8_0x0x0,0.0,157.74,222.01
gfx942,80,1088,8192,1024,False,torch.bfloat16,torch.bfloat16,False,False,opus,10006,0,144.3588,opus_gemm_gfx942_quad_mfma32_256x256x256x32_2x2_32x32x8_0x0x0,0.0,126.45,255.14
gfx942,80,1088,32320,4096,False,torch.bfloat16,torch.bfloat16,False,False,opus,10006,0,1864.7058,opus_gemm_gfx942_quad_mfma32_256x256x256x32_2x2_32x32x8_0x0x0,0.0,154.48,184.48
gfx942,80,1152,384,7168,False,torch.bfloat16,torch.bfloat16,False,False,opus,10204,2,69.3779,opus_gemm_gfx942_splitk_em3en4_lds1_pgr2_256x128x96x128_2x2_16x16x16_0x0x0,0.0,91.41,330.15
gfx942,80,1152,512,7168,False,torch.bfloat16,torch.bfloat16,False,False,opus,10216,0,81.761,opus_gemm_gfx942_splitk_quad_mfma32_bf16ws_256x256x256x32_2x2_32x32x8_6x0x0,0.0124,103.42,306.19
gfx942,80,1152,1024,7168,False,torch.bfloat16,torch.bfloat16,False,False,opus,10216,4,126.3343,opus_gemm_gfx942_splitk_quad_mfma32_bf16ws_256x256x256x32_2x2_32x32x8_6x0x0,0.0105,133.86,265.6
gfx942,80,1152,2048,7168,False,torch.bfloat16,torch.bfloat16,False,False,opus,10216,0,218.9086,opus_gemm_gfx942_splitk_quad_mfma32_bf16ws_256x256x256x32_2x2_32x32x8_6x0x0,0.0063,154.51,231.12
gfx942,80,1152,4096,256,False,torch.bfloat16,torch.bfloat16,False,False,opus,10000,0,38.9465,opus_gemm_gfx942_512x128x128x64_2x4_16x16x16_0x0x0,0.0,62.03,311.3
gfx942,80,1152,4096,1024,False,torch.bfloat16,torch.bfloat16,False,False,opus,10006,0,80.2148,opus_gemm_gfx942_quad_mfma32_256x256x256x32_2x2_32x32x8_0x0x0,0.0,120.47,251.64
gfx942,80,1152,4096,2048,False,torch.bfloat16,torch.bfloat16,False,False,opus,10006,0,133.2161,opus_gemm_gfx942_quad_mfma32_256x256x256x32_2x2_32x32x8_0x0x0,0.0,145.08,232.2
gfx942,80,1152,4096,4096,False,torch.bfloat16,torch.bfloat16,False,False,opus,10006,0,237.3906,opus_gemm_gfx942_quad_mfma32_256x256x256x32_2x2_32x32x8_0x0x0,0.0,162.83,220.85
gfx942,80,1152,8192,1024,False,torch.bfloat16,torch.bfloat16,False,False,opus,10006,0,152.0566,opus_gemm_gfx942_quad_mfma32_256x256x256x32_2x2_32x32x8_0x0x0,0.0,127.11,249.98
gfx942,80,1152,32320,4096,False,torch.bfloat16,torch.bfloat16,False,False,opus,10006,0,1838.6425,opus_gemm_gfx942_quad_mfma32_256x256x256x32_2x2_32x32x8_0x0x0,0.0,165.89,189.63
gfx942,80,1216,384,7168,False,torch.bfloat16,torch.bfloat16,False,False,opus,10204,0,69.8952,opus_gemm_gfx942_splitk_em3en4_lds1_pgr2_256x128x96x128_2x2_16x16x16_0x0x0,0.0003,95.77,341.53
gfx942,80,1216,512,7168,False,torch.bfloat16,torch.bfloat16,False,False,opus,10210,2,84.1672,opus_gemm_gfx942_splitk_legacy_bf16ws_512x128x128x64_2x4_16x16x16_0x0x0,0.0063,106.04,309.12
gfx942,80,1216,1024,7168,False,torch.bfloat16,torch.bfloat16,False,False,opus,10216,0,136.2773,opus_gemm_gfx942_splitk_quad_mfma32_bf16ws_256x256x256x32_2x2_32x32x8_6x0x0,0.0104,130.99,253.92
gfx942,80,1216,2048,7168,False,torch.bfloat16,torch.bfloat16,False,False,opus,10216,2,230.1112,opus_gemm_gfx942_splitk_quad_mfma32_bf16ws_256x256x256x32_2x2_32x32x8_6x0x0,0.0063,155.15,224.99
gfx942,80,1216,4096,256,False,torch.bfloat16,torch.bfloat16,False,False,opus,10000,0,40.891,opus_gemm_gfx942_512x128x128x64_2x4_16x16x16_0x0x0,0.0,62.36,310.12
gfx942,80,1216,4096,1024,False,torch.bfloat16,torch.bfloat16,False,False,opus,10006,0,89.1691,opus_gemm_gfx942_quad_mfma32_256x256x256x32_2x2_32x32x8_0x0x0,0.0,114.4,233.72
gfx942,80,1216,4096,2048,False,torch.bfloat16,torch.bfloat16,False,False,opus,10006,0,144.8848,opus_gemm_gfx942_quad_mfma32_256x256x256x32_2x2_32x32x8_0x0x0,0.0,140.81,218.93
gfx942,80,1216,4096,4096,False,torch.bfloat16,torch.bfloat16,False,False,opus,10006,0,253.5598,opus_gemm_gfx942_quad_mfma32_256x256x256x32_2x2_32x32x8_0x0x0,0.0,160.92,210.91
gfx942,80,1216,8192,1024,False,torch.bfloat16,torch.bfloat16,False,False,opus,10006,0,163.8236,opus_gemm_gfx942_quad_mfma32_256x256x256x32_2x2_32x32x8_0x0x0,0.0,124.53,239.22
gfx942,80,1216,32320,4096,False,torch.bfloat16,torch.bfloat16,False,False,opus,10006,0,1867.2445,opus_gemm_gfx942_quad_mfma32_256x256x256x32_2x2_32x32x8_0x0x0,0.0,172.42,189.22
gfx942,80,1280,384,7168,False,torch.bfloat16,torch.bfloat16,False,False,opus,10204,0,70.1294,opus_gemm_gfx942_splitk_em3en4_lds1_pgr2_256x128x96x128_2x2_16x16x16_0x0x0,0.0,100.48,354.18
gfx942,80,1280,512,7168,False,torch.bfloat16,torch.bfloat16,False,False,opus,10216,0,70.2519,opus_gemm_gfx942_splitk_quad_mfma32_bf16ws_256x256x256x32_2x2_32x32x8_6x0x0,0.0123,133.74,384.34
gfx942,80,1280,1024,7168,False,torch.bfloat16,torch.bfloat16,False,False,opus,10216,0,113.1564,opus_gemm_gfx942_splitk_quad_mfma32_bf16ws_256x256x256x32_2x2_32x32x8_6x0x0,0.0104,166.06,315.06
gfx942,80,1280,2048,7168,False,torch.bfloat16,torch.bfloat16,False,False,opus,10216,0,207.5568,opus_gemm_gfx942_splitk_quad_mfma32_bf16ws_256x256x256x32_2x2_32x32x8_6x0x0,0.0063,181.06,255.13
gfx942,80,1280,4096,256,False,torch.bfloat16,torch.bfloat16,False,False,opus,10006,0,33.0359,opus_gemm_gfx942_quad_mfma32_256x256x256x32_2x2_32x32x8_0x0x0,0.0,81.26,400.72
gfx942,80,1280,4096,1024,False,torch.bfloat16,torch.bfloat16,False,False,opus,10006,0,68.8696,opus_gemm_gfx942_quad_mfma32_256x256x256x32_2x2_32x32x8_0x0x0,0.0,155.91,312.12
gfx942,80,1280,4096,2048,False,torch.bfloat16,torch.bfloat16,False,False,opus,10006,0,134.0772,opus_gemm_gfx942_quad_mfma32_256x256x256x32_2x2_32x32x8_0x0x0,0.0,160.17,242.44
gfx942,80,1280,4096,4096,False,torch.bfloat16,torch.bfloat16,False,False,opus,10006,0,234.9621,opus_gemm_gfx942_quad_mfma32_256x256x256x32_2x2_32x32x8_0x0x0,0.0,182.79,232.06
gfx942,80,1280,8192,1024,False,torch.bfloat16,torch.bfloat16,False,False,opus,10006,0,147.463,opus_gemm_gfx942_quad_mfma32_256x256x256x32_2x2_32x32x8_0x0x0,0.0,145.63,273.76
gfx942,80,1280,32320,4096,False,torch.bfloat16,torch.bfloat16,False,False,opus,10006,0,1863.112,opus_gemm_gfx942_quad_mfma32_256x256x256x32_2x2_32x32x8_0x0x0,0.0,181.9,192.15
gfx942,80,1344,384,7168,False,torch.bfloat16,torch.bfloat16,False,False,opus,10200,2,86.5215,opus_gemm_gfx942_splitk_legacy_512x128x128x64_2x4_16x16x16_0x0x0,0.0,85.51,298.25
gfx942,80,1344,512,7168,False,torch.bfloat16,torch.bfloat16,False,False,opus,10216,6,86.4311,opus_gemm_gfx942_splitk_quad_mfma32_bf16ws_256x256x256x32_2x2_32x32x8_6x0x0,0.0119,114.14,323.77
gfx942,80,1344,1024,7168,False,torch.bfloat16,torch.bfloat16,False,False,opus,10216,6,163.497,opus_gemm_gfx942_splitk_quad_mfma32_bf16ws_256x256x256x32_2x2_32x32x8_6x0x0,0.0119,120.68,224.47
gfx942,80,1344,2048,7168,False,torch.bfloat16,torch.bfloat16,False,False,opus,10216,8,310.5438,opus_gemm_gfx942_splitk_quad_mfma32_bf16ws_256x256x256x32_2x2_32x32x8_6x0x0,0.0124,127.07,174.32
gfx942,80,1344,4096,256,False,torch.bfloat16,torch.bfloat16,False,False,opus,10000,0,45.7425,opus_gemm_gfx942_512x128x128x64_2x4_16x16x16_0x0x0,0.0,61.62,301.59
gfx942,80,1344,4096,1024,False,torch.bfloat16,torch.bfloat16,False,False,opus,10000,0,109.14,opus_gemm_gfx942_512x128x128x64_2x4_16x16x16_0x0x0,0.0,103.3,202.96
gfx942,80,1344,4096,2048,False,torch.bfloat16,torch.bfloat16,False,False,opus,10000,0,200.1761,opus_gemm_gfx942_512x128x128x64_2x4_16x16x16_0x0x0,0.0,112.64,166.31
gfx942,80,1344,4096,4096,False,torch.bfloat16,torch.bfloat16,False,False,opus,10000,0,379.9798,opus_gemm_gfx942_512x128x128x64_2x4_16x16x16_0x0x0,0.0,118.68,146.26
gfx942,80,1344,8192,1024,False,torch.bfloat16,torch.bfloat16,False,False,opus,10000,0,188.3113,opus_gemm_gfx942_512x128x128x64_2x4_16x16x16_0x0x0,0.0,119.74,220.64
gfx942,80,1344,32320,4096,False,torch.bfloat16,torch.bfloat16,False,False,opus,10006,0,2337.0159,opus_gemm_gfx942_quad_mfma32_256x256x256x32_2x2_32x32x8_0x0x0,0.0,152.26,155.18
gfx942,80,1408,384,7168,False,torch.bfloat16,torch.bfloat16,False,False,opus,10200,2,87.14,opus_gemm_gfx942_splitk_legacy_512x128x128x64_2x4_16x16x16_0x0x0,0.0,88.95,307.22
gfx942,80,1408,512,7168,False,torch.bfloat16,torch.bfloat16,False,False,opus,10216,6,98.1528,opus_gemm_gfx942_splitk_quad_mfma32_bf16ws_256x256x256x32_2x2_32x32x8_6x0x0,0.0117,105.29,295.12
gfx942,80,1408,1024,7168,False,torch.bfloat16,torch.bfloat16,False,False,opus,10216,6,181.8419,opus_gemm_gfx942_splitk_quad_mfma32_bf16ws_256x256x256x32_2x2_32x32x8_6x0x0,0.0117,113.67,207.59
gfx942,80,1408,2048,7168,False,torch.bfloat16,torch.bfloat16,False,False,opus,10216,6,329.8368,opus_gemm_gfx942_splitk_quad_mfma32_bf16ws_256x256x256x32_2x2_32x32x8_6x0x0,0.0118,125.33,167.7
gfx942,80,1408,4096,256,False,torch.bfloat16,torch.bfloat16,False,False,opus,10000,0,45.3815,opus_gemm_gfx942_512x128x128x64_2x4_16x16x16_0x0x0,0.0,65.07,316.26
gfx942,80,1408,4096,1024,False,torch.bfloat16,torch.bfloat16,False,False,opus,10000,0,108.5362,opus_gemm_gfx942_512x128x128x64_2x4_16x16x16_0x0x0,0.0,108.82,210.13
gfx942,80,1408,4096,2048,False,torch.bfloat16,torch.bfloat16,False,False,opus,10000,0,202.613,opus_gemm_gfx942_512x128x128x64_2x4_16x16x16_0x0x0,0.0,116.59,168.2
gfx942,80,1408,4096,4096,False,torch.bfloat16,torch.bfloat16,False,False,opus,10000,0,383.4989,opus_gemm_gfx942_512x128x128x64_2x4_16x16x16_0x0x0,0.0,123.19,147.65
gfx942,80,1408,8192,1024,False,torch.bfloat16,torch.bfloat16,False,False,opus,10000,0,189.5244,opus_gemm_gfx942_512x128x128x64_2x4_16x16x16_0x0x0,0.0,124.64,225.46
gfx942,80,1408,32320,4096,False,torch.bfloat16,torch.bfloat16,False,False,opus,10006,0,2339.4681,opus_gemm_gfx942_quad_mfma32_256x256x256x32_2x2_32x32x8_0x0x0,0.0,159.35,157.01
gfx942,80,1472,384,7168,False,torch.bfloat16,torch.bfloat16,False,False,opus,10200,2,87.0502,opus_gemm_gfx942_splitk_legacy_512x128x128x64_2x4_16x16x16_0x0x0,0.0,93.09,318.65
gfx942,80,1472,512,7168,False,torch.bfloat16,torch.bfloat16,False,False,opus,10216,6,108.9128,opus_gemm_gfx942_splitk_quad_mfma32_bf16ws_256x256x256x32_2x2_32x32x8_6x0x0,0.012,99.2,274.99
gfx942,80,1472,1024,7168,False,torch.bfloat16,torch.bfloat16,False,False,opus,10216,6,201.0336,opus_gemm_gfx942_splitk_quad_mfma32_bf16ws_256x256x256x32_2x2_32x32x8_6x0x0,0.0119,107.49,192.99
gfx942,80,1472,2048,7168,False,torch.bfloat16,torch.bfloat16,False,False,opus,10216,4,344.0269,opus_gemm_gfx942_splitk_quad_mfma32_bf16ws_256x256x256x32_2x2_32x32x8_6x0x0,0.0106,125.62,164.21
gfx942,80,1472,4096,256,False,torch.bfloat16,torch.bfloat16,False,False,opus,10000,0,47.1503,opus_gemm_gfx942_512x128x128x64_2x4_16x16x16_0x0x0,0.0,65.47,316.21
gfx942,80,1472,4096,1024,False,torch.bfloat16,torch.bfloat16,False,False,opus,10000,0,113.3295,opus_gemm_gfx942_512x128x128x64_2x4_16x16x16_0x0x0,0.0,108.96,207.02
gfx942,80,1472,4096,2048,False,torch.bfloat16,torch.bfloat16,False,False,opus,10000,0,207.0862,opus_gemm_gfx942_512x128x128x64_2x4_16x16x16_0x0x0,0.0,119.25,168.36
gfx942,80,1472,4096,4096,False,torch.bfloat16,torch.bfloat16,False,False,opus,10000,0,391.7295,opus_gemm_gfx942_512x128x128x64_2x4_16x16x16_0x0x0,0.0,126.09,147.22
gfx942,80,1472,8192,1024,False,torch.bfloat16,torch.bfloat16,False,False,opus,10000,0,206.8849,opus_gemm_gfx942_512x128x128x64_2x4_16x16x16_0x0x0,0.0,119.37,212.24
gfx942,80,1472,32320,4096,False,torch.bfloat16,torch.bfloat16,False,False,opus,10006,0,2305.9529,opus_gemm_gfx942_quad_mfma32_256x256x256x32_2x2_32x32x8_0x0x0,0.0,169.01,161.31
gfx942,80,1536,384,7168,False,torch.bfloat16,torch.bfloat16,False,False,opus,10200,2,87.4678,opus_gemm_gfx942_splitk_legacy_512x128x128x64_2x4_16x16x16_0x0x0,0.0,96.67,328.18
gfx942,80,1536,512,7168,False,torch.bfloat16,torch.bfloat16,False,False,opus,10216,6,87.0113,opus_gemm_gfx942_splitk_quad_mfma32_bf16ws_256x256x256x32_2x2_32x32x8_6x0x0,0.012,129.57,355.51
gfx942,80,1536,1024,7168,False,torch.bfloat16,torch.bfloat16,False,False,opus,10216,6,160.3613,opus_gemm_gfx942_splitk_quad_mfma32_bf16ws_256x256x256x32_2x2_32x32x8_6x0x0,0.0119,140.61,248.48
gfx942,80,1536,2048,7168,False,torch.bfloat16,torch.bfloat16,False,False,opus,10216,6,309.3517,opus_gemm_gfx942_splitk_quad_mfma32_bf16ws_256x256x256x32_2x2_32x32x8_6x0x0,0.0118,145.78,186.43
gfx942,80,1536,4096,256,False,torch.bfloat16,torch.bfloat16,False,False,opus,10000,0,45.8519,opus_gemm_gfx942_512x128x128x64_2x4_16x16x16_0x0x0,0.0,70.25,337.31
gfx942,80,1536,4096,1024,False,torch.bfloat16,torch.bfloat16,False,False,opus,10000,0,112.4718,opus_gemm_gfx942_512x128x128x64_2x4_16x16x16_0x0x0,0.0,114.56,214.43
gfx942,80,1536,4096,2048,False,torch.bfloat16,torch.bfloat16,False,False,opus,10000,0,207.0935,opus_gemm_gfx942_512x128x128x64_2x4_16x16x16_0x0x0,0.0,124.44,172.15
gfx942,80,1536,4096,4096,False,torch.bfloat16,torch.bfloat16,False,False,opus,10000,0,393.7501,opus_gemm_gfx942_512x128x128x64_2x4_16x16x16_0x0x0,0.0,130.89,149.13
gfx942,80,1536,8192,1024,False,torch.bfloat16,torch.bfloat16,False,False,opus,10006,0,194.9314,opus_gemm_gfx942_quad_mfma32_256x256x256x32_2x2_32x32x8_0x0x0,0.0,132.2,231.31
gfx942,80,1536,32320,4096,False,torch.bfloat16,torch.bfloat16,False,False,opus,10006,0,2288.0513,opus_gemm_gfx942_quad_mfma32_256x256x256x32_2x2_32x32x8_0x0x0,0.0,177.74,164.61
gfx942,80,1600,384,7168,False,torch.bfloat16,torch.bfloat16,False,False,opus,10200,2,87.5331,opus_gemm_gfx942_splitk_legacy_512x128x128x64_2x4_16x16x16_0x0x0,0.0,100.63,338.97
gfx942,80,1600,512,7168,False,torch.bfloat16,torch.bfloat16,False,False,opus,10216,4,114.3853,opus_gemm_gfx942_splitk_quad_mfma32_bf16ws_256x256x256x32_2x2_32x32x8_6x0x0,0.0105,102.67,279.02
gfx942,80,1600,1024,7168,False,torch.bfloat16,torch.bfloat16,False,False,opus,10216,8,199.3455,opus_gemm_gfx942_splitk_quad_mfma32_bf16ws_256x256x256x32_2x2_32x32x8_6x0x0,0.0124,117.83,205.14
gfx942,80,1600,2048,7168,False,torch.bfloat16,torch.bfloat16,False,False,opus,10216,4,333.9728,opus_gemm_gfx942_splitk_quad_mfma32_bf16ws_256x256x256x32_2x2_32x32x8_6x0x0,0.0105,140.66,176.22
gfx942,80,1600,4096,256,False,torch.bfloat16,torch.bfloat16,False,False,opus,10000,0,50.644,opus_gemm_gfx942_512x128x128x64_2x4_16x16x16_0x0x0,0.0,66.26,316.4
gfx942,80,1600,4096,1024,False,torch.bfloat16,torch.bfloat16,False,False,opus,10000,0,126.2363,opus_gemm_gfx942_512x128x128x64_2x4_16x16x16_0x0x0,0.0,106.32,196.24
gfx942,80,1600,4096,2048,False,torch.bfloat16,torch.bfloat16,False,False,opus,10000,0,235.5143,opus_gemm_gfx942_512x128x128x64_2x4_16x16x16_0x0x0,0.0,113.98,154.72
gfx942,80,1600,4096,4096,False,torch.bfloat16,torch.bfloat16,False,False,opus,10006,0,448.7674,opus_gemm_gfx942_quad_mfma32_256x256x256x32_2x2_32x32x8_0x0x0,0.0,119.63,133.18
gfx942,80,1600,8192,1024,False,torch.bfloat16,torch.bfloat16,False,False,opus,10006,0,207.682,opus_gemm_gfx942_quad_mfma32_256x256x256x32_2x2_32x32x8_0x0x0,0.0,129.25,222.78
gfx942,80,1600,32320,4096,False,torch.bfloat16,torch.bfloat16,False,False,opus,10006,0,2708.5476,opus_gemm_gfx942_quad_mfma32_256x256x256x32_2x2_32x32x8_0x0x0,0.0,156.4,140.78
gfx942,80,1664,384,7168,False,torch.bfloat16,torch.bfloat16,False,False,opus,10200,2,87.947,opus_gemm_gfx942_splitk_legacy_512x128x128x64_2x4_16x16x16_0x0x0,0.0,104.16,348.37
gfx942,80,1664,512,7168,False,torch.bfloat16,torch.bfloat16,False,False,opus,10210,3,118.3955,opus_gemm_gfx942_splitk_legacy_bf16ws_512x128x128x64_2x4_16x16x16_0x0x0,0.0093,103.16,277.87
gfx942,80,1664,1024,7168,False,torch.bfloat16,torch.bfloat16,False,False,opus,10216,8,207.1747,opus_gemm_gfx942_splitk_quad_mfma32_bf16ws_256x256x256x32_2x2_32x32x8_6x0x0,0.0123,117.91,202.45
gfx942,80,1664,2048,7168,False,torch.bfloat16,torch.bfloat16,False,False,opus,10216,4,343.4657,opus_gemm_gfx942_splitk_quad_mfma32_bf16ws_256x256x256x32_2x2_32x32x8_6x0x0,0.0104,142.24,174.78
gfx942,80,1664,4096,256,False,torch.bfloat16,torch.bfloat16,False,False,opus,10000,0,49.8456,opus_gemm_gfx942_512x128x128x64_2x4_16x16x16_0x0x0,0.0,70.01,332.64
gfx942,80,1664,4096,1024,False,torch.bfloat16,torch.bfloat16,False,False,opus,10000,0,125.7669,opus_gemm_gfx942_512x128x128x64_2x4_16x16x16_0x0x0,0.0,110.99,202.18
gfx942,80,1664,4096,2048,False,torch.bfloat16,torch.bfloat16,False,False,opus,10000,0,237.0831,opus_gemm_gfx942_512x128x128x64_2x4_16x16x16_0x0x0,0.0,117.75,157.01
gfx942,80,1664,4096,4096,False,torch.bfloat16,torch.bfloat16,False,False,opus,10000,0,452.1186,opus_gemm_gfx942_512x128x128x64_2x4_16x16x16_0x0x0,0.0,123.5,134.52
gfx942,80,1664,8192,1024,False,torch.bfloat16,torch.bfloat16,False,False,opus,10006,0,213.1096,opus_gemm_gfx942_quad_mfma32_256x256x256x32_2x2_32x32x8_0x0x0,0.0,131.0,222.65
gfx942,80,1664,32320,4096,False,torch.bfloat16,torch.bfloat16,False,False,opus,10006,0,2772.0978,opus_gemm_gfx942_quad_mfma32_256x256x256x32_2x2_32x32x8_0x0x0,0.0,158.93,139.23
gfx942,80,1728,384,7168,False,torch.bfloat16,torch.bfloat16,False,False,opus,10204,4,107.886,opus_gemm_gfx942_splitk_em3en4_lds1_pgr2_256x128x96x128_2x2_16x16x16_0x0x0,0.0,88.17,292.95
gfx942,80,1728,512,7168,False,torch.bfloat16,torch.bfloat16,False,False,opus,10210,4,134.3723,opus_gemm_gfx942_splitk_legacy_bf16ws_512x128x128x64_2x4_16x16x16_0x0x0,0.0104,94.39,252.15
gfx942,80,1728,1024,7168,False,torch.bfloat16,torch.bfloat16,False,False,opus,10216,8,216.8527,opus_gemm_gfx942_splitk_quad_mfma32_bf16ws_256x256x256x32_2x2_32x32x8_6x0x0,0.0124,116.98,198.25
gfx942,80,1728,2048,7168,False,torch.bfloat16,torch.bfloat16,False,False,opus,10216,4,353.7443,opus_gemm_gfx942_splitk_quad_mfma32_bf16ws_256x256x256x32_2x2_32x32x8_6x0x0,0.0104,143.42,173.04
gfx942,80,1728,4096,256,False,torch.bfloat16,torch.bfloat16,False,False,opus,10000,0,52.284,opus_gemm_gfx942_512x128x128x64_2x4_16x16x16_0x0x0,0.0,69.31,327.78
gfx942,80,1728,4096,1024,False,torch.bfloat16,torch.bfloat16,False,False,opus,10000,0,132.0721,opus_gemm_gfx942_512x128x128x64_2x4_16x16x16_0x0x0,0.0,109.75,197.49
gfx942,80,1728,4096,2048,False,torch.bfloat16,torch.bfloat16,False,False,opus,10000,0,241.8001,opus_gemm_gfx942_512x128x128x64_2x4_16x16x16_0x0x0,0.0,119.9,157.2
gfx942,80,1728,4096,4096,False,torch.bfloat16,torch.bfloat16,False,False,opus,10000,0,460.3611,opus_gemm_gfx942_512x128x128x64_2x4_16x16x16_0x0x0,0.0,125.95,134.39
gfx942,80,1728,8192,1024,False,torch.bfloat16,torch.bfloat16,False,False,opus,10006,0,221.6195,opus_gemm_gfx942_quad_mfma32_256x256x256x32_2x2_32x32x8_0x0x0,0.0,130.81,219.42
gfx942,80,1728,32320,4096,False,torch.bfloat16,torch.bfloat16,False,False,opus,10006,0,2750.8374,opus_gemm_gfx942_quad_mfma32_256x256x256x32_2x2_32x32x8_0x0x0,0.0,166.32,142.0
gfx942,80,1792,384,7168,False,torch.bfloat16,torch.bfloat16,False,False,opus,10204,4,108.4308,opus_gemm_gfx942_splitk_em3en4_lds1_pgr2_256x128x96x128_2x2_16x16x16_0x0x0,0.0002,90.98,300.39
gfx942,80,1792,512,7168,False,torch.bfloat16,torch.bfloat16,False,False,opus,10216,4,120.0993,opus_gemm_gfx942_splitk_quad_mfma32_bf16ws_256x256x256x32_2x2_32x32x8_6x0x0,0.0107,109.52,290.3
gfx942,80,1792,1024,7168,False,torch.bfloat16,torch.bfloat16,False,False,opus,10216,8,195.6398,opus_gemm_gfx942_splitk_quad_mfma32_bf16ws_256x256x256x32_2x2_32x32x8_6x0x0,0.0124,134.46,225.11
gfx942,80,1792,2048,7168,False,torch.bfloat16,torch.bfloat16,False,False,opus,10216,8,371.4602,opus_gemm_gfx942_splitk_quad_mfma32_bf16ws_256x256x256x32_2x2_32x32x8_6x0x0,0.0125,141.64,167.96
gfx942,80,1792,4096,256,False,torch.bfloat16,torch.bfloat16,False,False,opus,10000,0,49.5838,opus_gemm_gfx942_512x128x128x64_2x4_16x16x16_0x0x0,0.0,75.79,356.86
gfx942,80,1792,4096,1024,False,torch.bfloat16,torch.bfloat16,False,False,opus,10006,0,129.4048,opus_gemm_gfx942_quad_mfma32_256x256x256x32_2x2_32x32x8_0x0x0,0.0,116.17,206.63
gfx942,80,1792,4096,2048,False,torch.bfloat16,torch.bfloat16,False,False,opus,10006,0,240.5621,opus_gemm_gfx942_quad_mfma32_256x256x256x32_2x2_32x32x8_0x0x0,0.0,124.98,161.28
gfx942,80,1792,4096,4096,False,torch.bfloat16,torch.bfloat16,False,False,opus,10006,0,445.3342,opus_gemm_gfx942_quad_mfma32_256x256x256x32_2x2_32x32x8_0x0x0,0.0,135.02,141.27
gfx942,80,1792,8192,1024,False,torch.bfloat16,torch.bfloat16,False,False,opus,10006,0,199.4477,opus_gemm_gfx942_quad_mfma32_256x256x256x32_2x2_32x32x8_0x0x0,0.0,150.74,249.73
gfx942,80,1792,32320,4096,False,torch.bfloat16,torch.bfloat16,False,False,opus,10006,0,2742.4727,opus_gemm_gfx942_quad_mfma32_256x256x256x32_2x2_32x32x8_0x0x0,0.0,173.0,144.13
gfx942,80,1856,384,7168,False,torch.bfloat16,torch.bfloat16,False,False,opus,10204,4,109.1697,opus_gemm_gfx942_splitk_em3en4_lds1_pgr2_256x128x96x128_2x2_16x16x16_0x0x0,0.0,93.59,307.21
gfx942,80,1856,512,7168,False,torch.bfloat16,torch.bfloat16,False,False,opus,10216,4,115.6977,opus_gemm_gfx942_splitk_quad_mfma32_bf16ws_256x256x256x32_2x2_32x32x8_6x0x0,0.0103,117.75,309.84
gfx942,80,1856,1024,7168,False,torch.bfloat16,torch.bfloat16,False,False,opus,10216,0,206.537,opus_gemm_gfx942_splitk_quad_mfma32_bf16ws_256x256x256x32_2x2_32x32x8_6x0x0,0.0062,131.92,218.31
gfx942,80,1856,2048,7168,False,torch.bfloat16,torch.bfloat16,False,False,opus,10216,1,386.7896,opus_gemm_gfx942_splitk_quad_mfma32_bf16ws_256x256x256x32_2x2_32x32x8_6x0x0,0.0,140.88,164.35
gfx942,80,1856,4096,256,False,torch.bfloat16,torch.bfloat16,False,False,opus,10000,0,53.213,opus_gemm_gfx942_512x128x128x64_2x4_16x16x16_0x0x0,0.0,73.15,342.99
gfx942,80,1856,4096,1024,False,torch.bfloat16,torch.bfloat16,False,False,opus,10006,0,133.6443,opus_gemm_gfx942_quad_mfma32_256x256x256x32_2x2_32x32x8_0x0x0,0.0,116.5,204.98
gfx942,80,1856,4096,2048,False,torch.bfloat16,torch.bfloat16,False,False,opus,10006,0,244.3266,opus_gemm_gfx942_quad_mfma32_256x256x256x32_2x2_32x32x8_0x0x0,0.0,127.45,162.01
gfx942,80,1856,4096,4096,False,torch.bfloat16,torch.bfloat16,False,False,opus,10006,0,452.1849,opus_gemm_gfx942_quad_mfma32_256x256x256x32_2x2_32x32x8_0x0x0,0.0,137.72,141.45
gfx942,80,1856,8192,1024,False,torch.bfloat16,torch.bfloat16,False,False,opus,10000,0,250.9768,opus_gemm_gfx942_512x128x128x64_2x4_16x16x16_0x0x0,0.0,124.07,203.15
gfx942,80,1856,32320,4096,False,torch.bfloat16,torch.bfloat16,False,False,opus,10006,0,2956.7777,opus_gemm_gfx942_quad_mfma32_256x256x256x32_2x2_32x32x8_0x0x0,0.0,166.2,135.26
gfx942,80,1920,384,7168,False,torch.bfloat16,torch.bfloat16,False,False,opus,10204,4,109.2256,opus_gemm_gfx942_splitk_em3en4_lds1_pgr2_256x128x96x128_2x2_16x16x16_0x0x0,0.0,96.77,315.9
gfx942,80,1920,512,7168,False,torch.bfloat16,torch.bfloat16,False,False,opus,10216,0,126.3113,opus_gemm_gfx942_splitk_quad_mfma32_bf16ws_256x256x256x32_2x2_32x32x8_6x0x0,0.0103,111.57,291.59
gfx942,80,1920,1024,7168,False,torch.bfloat16,torch.bfloat16,False,False,opus,10216,2,216.4512,opus_gemm_gfx942_splitk_quad_mfma32_bf16ws_256x256x256x32_2x2_32x32x8_6x0x0,0.0062,130.22,213.15
gfx942,80,1920,2048,7168,False,torch.bfloat16,torch.bfloat16,False,False,opus,10006,0,395.6423,opus_gemm_gfx942_quad_mfma32_256x256x256x32_2x2_32x32x8_0x0x0,0.0,142.48,163.66
gfx942,80,1920,4096,256,False,torch.bfloat16,torch.bfloat16,False,False,opus,10000,0,51.6065,opus_gemm_gfx942_512x128x128x64_2x4_16x16x16_0x0x0,0.0,78.02,364.47
gfx942,80,1920,4096,1024,False,torch.bfloat16,torch.bfloat16,False,False,opus,10000,0,137.417,opus_gemm_gfx942_512x128x128x64_2x4_16x16x16_0x0x0,0.0,117.21,204.12
gfx942,80,1920,4096,2048,False,torch.bfloat16,torch.bfloat16,False,False,opus,10000,0,249.8445,opus_gemm_gfx942_512x128x128x64_2x4_16x16x16_0x0x0,0.0,128.93,161.58
gfx942,80,1920,4096,4096,False,torch.bfloat16,torch.bfloat16,False,False,opus,10006,0,460.0061,opus_gemm_gfx942_quad_mfma32_256x256x256x32_2x2_32x32x8_0x0x0,0.0,140.05,141.33
gfx942,80,1920,8192,1024,False,torch.bfloat16,torch.bfloat16,False,False,opus,10000,0,251.4056,opus_gemm_gfx942_512x128x128x64_2x4_16x16x16_0x0x0,0.0,128.13,207.5
gfx942,80,1920,32320,4096,False,torch.bfloat16,torch.bfloat16,False,False,opus,10006,0,2958.5493,opus_gemm_gfx942_quad_mfma32_256x256x256x32_2x2_32x32x8_0x0x0,0.0,171.82,136.76
gfx942,80,1984,384,7168,False,torch.bfloat16,torch.bfloat16,False,False,opus,10200,3,123.7139,opus_gemm_gfx942_splitk_legacy_512x128x128x64_2x4_16x16x16_0x0x0,0.0,88.28,286.72
gfx942,80,1984,512,7168,False,torch.bfloat16,torch.bfloat16,False,False,opus,10216,0,137.9046,opus_gemm_gfx942_splitk_quad_mfma32_bf16ws_256x256x256x32_2x2_32x32x8_6x0x0,0.0105,105.6,274.21
gfx942,80,1984,1024,7168,False,torch.bfloat16,torch.bfloat16,False,False,opus,10216,2,225.8269,opus_gemm_gfx942_splitk_quad_mfma32_bf16ws_256x256x256x32_2x2_32x32x8_6x0x0,0.0063,128.97,208.95
gfx942,80,1984,2048,7168,False,torch.bfloat16,torch.bfloat16,False,False,opus,10006,0,405.7219,opus_gemm_gfx942_quad_mfma32_256x256x256x32_2x2_32x32x8_0x0x0,0.0,143.57,162.5
gfx942,80,1984,4096,256,False,torch.bfloat16,torch.bfloat16,False,False,opus,10000,0,56.5329,opus_gemm_gfx942_512x128x128x64_2x4_16x16x16_0x0x0,0.0,73.6,342.56
gfx942,80,1984,4096,1024,False,torch.bfloat16,torch.bfloat16,False,False,opus,10000,0,149.8579,opus_gemm_gfx942_512x128x128x64_2x4_16x16x16_0x0x0,0.0,111.06,191.55
gfx942,80,1984,4096,2048,False,torch.bfloat16,torch.bfloat16,False,False,opus,10006,0,260.623,opus_gemm_gfx942_quad_mfma32_256x256x256x32_2x2_32x32x8_0x0x0,0.0,127.72,157.92
gfx942,80,1984,4096,4096,False,torch.bfloat16,torch.bfloat16,False,False,opus,10006,0,469.209,opus_gemm_gfx942_quad_mfma32_256x256x256x32_2x2_32x32x8_0x0x0,0.0,141.88,140.79
gfx942,80,1984,8192,1024,False,torch.bfloat16,torch.bfloat16,False,False,opus,10000,0,269.2087,opus_gemm_gfx942_512x128x128x64_2x4_16x16x16_0x0x0,0.0,123.64,198.16
gfx942,80,1984,32320,4096,False,torch.bfloat16,torch.bfloat16,False,False,opus,10006,0,2965.5693,opus_gemm_gfx942_quad_mfma32_256x256x256x32_2x2_32x32x8_0x0x0,0.0,177.13,138.01
gfx942,80,2048,384,7168,False,torch.bfloat16,torch.bfloat16,False,False,opus,10200,3,124.2573,opus_gemm_gfx942_splitk_legacy_512x128x128x64_2x4_16x16x16_0x0x0,0.0,90.73,293.25
gfx942,80,2048,512,7168,False,torch.bfloat16,torch.bfloat16,False,False,opus,10216,4,118.426,opus_gemm_gfx942_splitk_quad_mfma32_bf16ws_256x256x256x32_2x2_32x32x8_6x0x0,0.0105,126.93,327.61
gfx942,80,2048,1024,7168,False,torch.bfloat16,torch.bfloat16,False,False,opus,10216,2,204.239,opus_gemm_gfx942_splitk_quad_mfma32_bf16ws_256x256x256x32_2x2_32x32x8_6x0x0,0.0063,147.2,236.17
gfx942,80,2048,2048,7168,False,torch.bfloat16,torch.bfloat16,False,False,opus,10216,1,386.5344,opus_gemm_gfx942_splitk_quad_mfma32_bf16ws_256x256x256x32_2x2_32x32x8_6x0x0,0.0,155.56,173.62
gfx942,80,2048,4096,256,False,torch.bfloat16,torch.bfloat16,False,False,opus,10006,0,51.3727,opus_gemm_gfx942_quad_mfma32_256x256x256x32_2x2_32x32x8_0x0x0,0.0,83.6,387.81
gfx942,80,2048,4096,1024,False,torch.bfloat16,torch.bfloat16,False,False,opus,10006,0,131.016,opus_gemm_gfx942_quad_mfma32_256x256x256x32_2x2_32x32x8_0x0x0,0.0,131.13,224.1
gfx942,80,2048,4096,2048,False,torch.bfloat16,torch.bfloat16,False,False,opus,10006,0,245.3259,opus_gemm_gfx942_quad_mfma32_256x256x256x32_2x2_32x32x8_0x0x0,0.0,140.06,170.97
gfx942,80,2048,4096,4096,False,torch.bfloat16,torch.bfloat16,False,False,opus,10006,0,449.0197,opus_gemm_gfx942_quad_mfma32_256x256x256x32_2x2_32x32x8_0x0x0,0.0,153.04,149.46
gfx942,80,2048,8192,1024,False,torch.bfloat16,torch.bfloat16,False,False,opus,10006,0,265.3667,opus_gemm_gfx942_quad_mfma32_256x256x256x32_2x2_32x32x8_0x0x0,0.0,129.48,205.47
gfx942,80,2048,32320,4096,False,torch.bfloat16,torch.bfloat16,False,False,opus,10006,0,3011.0973,opus_gemm_gfx942_quad_mfma32_256x256x256x32_2x2_32x32x8_0x0x0,0.0,180.08,137.47
gfx942,80,2112,384,7168,False,torch.bfloat16,torch.bfloat16,False,False,opus,10200,3,124.6451,opus_gemm_gfx942_splitk_legacy_512x128x128x64_2x4_16x16x16_0x0x0,0.0,93.28,300.09
gfx942,80,2112,512,7168,False,torch.bfloat16,torch.bfloat16,False,False,opus,10216,0,116.3203,opus_gemm_gfx942_splitk_quad_mfma32_bf16ws_256x256x256x32_2x2_32x32x8_6x0x0,0.0106,133.27,341.99
gfx942,80,2112,1024,7168,False,torch.bfloat16,torch.bfloat16,False,False,opus,10216,0,208.3536,opus_gemm_gfx942_splitk_quad_mfma32_bf16ws_256x256x256x32_2x2_32x32x8_6x0x0,0.0063,148.81,236.54
gfx942,80,2112,2048,7168,False,torch.bfloat16,torch.bfloat16,False,False,opus,10216,1,389.962,opus_gemm_gfx942_splitk_quad_mfma32_bf16ws_256x256x256x32_2x2_32x32x8_6x0x0,0.0,159.01,175.12
gfx942,80,2112,4096,256,False,torch.bfloat16,torch.bfloat16,False,False,opus,10006,0,56.7852,opus_gemm_gfx942_quad_mfma32_256x256x256x32_2x2_32x32x8_0x0x0,0.0,78.0,360.66
gfx942,80,2112,4096,1024,False,torch.bfloat16,torch.bfloat16,False,False,opus,10006,0,140.4237,opus_gemm_gfx942_quad_mfma32_256x256x256x32_2x2_32x32x8_0x0x0,0.0,126.17,213.75
gfx942,80,2112,4096,2048,False,torch.bfloat16,torch.bfloat16,False,False,opus,10006,0,255.6353,opus_gemm_gfx942_quad_mfma32_256x256x256x32_2x2_32x32x8_0x0x0,0.0,138.61,167.15
gfx942,80,2112,4096,4096,False,torch.bfloat16,torch.bfloat16,False,False,opus,10006,0,462.4464,opus_gemm_gfx942_quad_mfma32_256x256x256x32_2x2_32x32x8_0x0x0,0.0,153.24,147.38
gfx942,80,2112,8192,1024,False,torch.bfloat16,torch.bfloat16,False,False,opus,10006,0,265.2672,opus_gemm_gfx942_quad_mfma32_256x256x256x32_2x2_32x32x8_0x0x0,0.0,133.58,210.0
gfx942,80,2112,32320,4096,False,torch.bfloat16,torch.bfloat16,False,False,opus,10006,0,3404.7096,opus_gemm_gfx942_quad_mfma32_256x256x256x32_2x2_32x32x8_0x0x0,0.0,164.24,122.94
gfx942,80,2176,384,7168,False,torch.bfloat16,torch.bfloat16,False,False,opus,10200,3,125.0318,opus_gemm_gfx942_splitk_legacy_512x128x128x64_2x4_16x16x16_0x0x0,0.0,95.81,306.89
gfx942,80,2176,512,7168,False,torch.bfloat16,torch.bfloat16,False,False,opus,10216,4,129.1334,opus_gemm_gfx942_splitk_quad_mfma32_bf16ws_256x256x256x32_2x2_32x32x8_6x0x0,0.0106,123.69,315.67
gfx942,80,2176,1024,7168,False,torch.bfloat16,torch.bfloat16,False,False,opus,10204,2,289.6399,opus_gemm_gfx942_splitk_em3en4_lds1_pgr2_256x128x96x128_2x2_16x16x16_0x0x0,0.0001,110.29,173.77
gfx942,80,2176,2048,7168,False,torch.bfloat16,torch.bfloat16,False,False,opus,10006,0,396.5823,opus_gemm_gfx942_quad_mfma32_256x256x256x32_2x2_32x32x8_0x0x0,0.0,161.1,175.17
gfx942,80,2176,4096,256,False,torch.bfloat16,torch.bfloat16,False,False,opus,10000,0,58.3898,opus_gemm_gfx942_512x128x128x64_2x4_16x16x16_0x0x0,0.0,78.15,360.29
gfx942,80,2176,4096,1024,False,torch.bfloat16,torch.bfloat16,False,False,opus,10006,0,148.358,opus_gemm_gfx942_quad_mfma32_256x256x256x32_2x2_32x32x8_0x0x0,0.0,123.04,206.74
gfx942,80,2176,4096,2048,False,torch.bfloat16,torch.bfloat16,False,False,opus,10006,0,263.267,opus_gemm_gfx942_quad_mfma32_256x256x256x32_2x2_32x32x8_0x0x0,0.0,138.67,165.29
gfx942,80,2176,4096,4096,False,torch.bfloat16,torch.bfloat16,False,False,opus,10006,0,470.8622,opus_gemm_gfx942_quad_mfma32_256x256x256x32_2x2_32x32x8_0x0x0,0.0,155.07,146.98
gfx942,80,2176,8192,1024,False,torch.bfloat16,torch.bfloat16,False,False,opus,10006,0,273.5087,opus_gemm_gfx942_quad_mfma32_256x256x256x32_2x2_32x32x8_0x0x0,0.0,133.48,207.98
gfx942,80,2176,32320,4096,False,torch.bfloat16,torch.bfloat16,False,False,opus,10006,0,3346.947,opus_gemm_gfx942_quad_mfma32_256x256x256x32_2x2_32x32x8_0x0x0,0.0,172.14,126.46
gfx942,80,2240,384,7168,False,torch.bfloat16,torch.bfloat16,False,False,opus,10204,1,127.4942,opus_gemm_gfx942_splitk_em3en4_lds1_pgr2_256x128x96x128_2x2_16x16x16_0x0x0,0.0,96.72,308.55
gfx942,80,2240,512,7168,False,torch.bfloat16,torch.bfloat16,False,False,opus,10216,4,140.4262,opus_gemm_gfx942_splitk_quad_mfma32_bf16ws_256x256x256x32_2x2_32x32x8_6x0x0,0.0105,117.08,297.28
gfx942,80,2240,1024,7168,False,torch.bfloat16,torch.bfloat16,False,False,opus,10216,0,231.08,opus_gemm_gfx942_splitk_quad_mfma32_bf16ws_256x256x256x32_2x2_32x32x8_6x0x0,0.0062,142.3,222.35
gfx942,80,2240,2048,7168,False,torch.bfloat16,torch.bfloat16,False,False,opus,10006,0,406.0141,opus_gemm_gfx942_quad_mfma32_256x256x256x32_2x2_32x32x8_0x0x0,0.0,161.98,174.0
gfx942,80,2240,4096,256,False,torch.bfloat16,torch.bfloat16,False,False,opus,10000,0,62.3544,opus_gemm_gfx942_512x128x128x64_2x4_16x16x16_0x0x0,0.0,75.34,346.31
gfx942,80,2240,4096,1024,False,torch.bfloat16,torch.bfloat16,False,False,opus,10006,0,156.6297,opus_gemm_gfx942_quad_mfma32_256x256x256x32_2x2_32x32x8_0x0x0,0.0,119.97,200.0
gfx942,80,2240,4096,2048,False,torch.bfloat16,torch.bfloat16,False,False,opus,10006,0,271.8645,opus_gemm_gfx942_quad_mfma32_256x256x256x32_2x2_32x32x8_0x0x0,0.0,138.23,162.96
gfx942,80,2240,4096,4096,False,torch.bfloat16,torch.bfloat16,False,False,opus,10006,0,476.562,opus_gemm_gfx942_quad_mfma32_256x256x256x32_2x2_32x32x8_0x0x0,0.0,157.72,147.42
gfx942,80,2240,8192,1024,False,torch.bfloat16,torch.bfloat16,False,False,opus,10006,0,283.3216,opus_gemm_gfx942_quad_mfma32_256x256x256x32_2x2_32x32x8_0x0x0,0.0,132.64,204.94
gfx942,80,2240,32320,4096,False,torch.bfloat16,torch.bfloat16,False,False,opus,10006,0,3414.6519,opus_gemm_gfx942_quad_mfma32_256x256x256x32_2x2_32x32x8_0x0x0,0.0,173.69,125.32
gfx942,80,2304,384,7168,False,torch.bfloat16,torch.bfloat16,False,False,opus,10204,1,127.5532,opus_gemm_gfx942_splitk_em3en4_lds1_pgr2_256x128x96x128_2x2_16x16x16_0x0x0,0.0005,99.44,315.98
gfx942,80,2304,512,7168,False,torch.bfloat16,torch.bfloat16,False,False,opus,10216,0,117.7654,opus_gemm_gfx942_splitk_quad_mfma32_bf16ws_256x256x256x32_2x2_32x32x8_6x0x0,0.0104,143.6,362.84
gfx942,80,2304,1024,7168,False,torch.bfloat16,torch.bfloat16,False,False,opus,10216,0,205.3426,opus_gemm_gfx942_splitk_quad_mfma32_bf16ws_256x256x256x32_2x2_32x32x8_6x0x0,0.0062,164.71,255.32
gfx942,80,2304,2048,7168,False,torch.bfloat16,torch.bfloat16,False,False,opus,10006,0,383.448,opus_gemm_gfx942_quad_mfma32_256x256x256x32_2x2_32x32x8_0x0x0,0.0,176.41,187.32
gfx942,80,2304,4096,256,False,torch.bfloat16,torch.bfloat16,False,False,opus,10006,0,52.1723,opus_gemm_gfx942_quad_mfma32_256x256x256x32_2x2_32x32x8_0x0x0,0.0,92.61,424.58
gfx942,80,2304,4096,1024,False,torch.bfloat16,torch.bfloat16,False,False,opus,10006,0,136.4254,opus_gemm_gfx942_quad_mfma32_256x256x256x32_2x2_32x32x8_0x0x0,0.0,141.67,234.43
gfx942,80,2304,4096,2048,False,torch.bfloat16,torch.bfloat16,False,False,opus,10006,0,251.0541,opus_gemm_gfx942_quad_mfma32_256x256x256x32_2x2_32x32x8_0x0x0,0.0,153.97,179.6
gfx942,80,2304,4096,4096,False,torch.bfloat16,torch.bfloat16,False,False,opus,10006,0,468.3039,opus_gemm_gfx942_quad_mfma32_256x256x256x32_2x2_32x32x8_0x0x0,0.0,165.08,152.26
gfx942,80,2304,8192,1024,False,torch.bfloat16,torch.bfloat16,False,False,opus,10006,0,260.9586,opus_gemm_gfx942_quad_mfma32_256x256x256x32_2x2_32x32x8_0x0x0,0.0,148.13,227.03
gfx942,80,2304,32320,4096,False,torch.bfloat16,torch.bfloat16,False,False,opus,10006,0,3366.8862,opus_gemm_gfx942_quad_mfma32_256x256x256x32_2x2_32x32x8_0x0x0,0.0,181.18,128.48
gfx942,80,2368,384,7168,False,torch.bfloat16,torch.bfloat16,False,False,opus,10204,1,128.1397,opus_gemm_gfx942_splitk_em3en4_lds1_pgr2_256x128x96x128_2x2_16x16x16_0x0x0,0.0,101.73,322.08
gfx942,80,2368,512,7168,False,torch.bfloat16,torch.bfloat16,False,False,opus,10216,0,116.7462,opus_gemm_gfx942_splitk_quad_mfma32_bf16ws_256x256x256x32_2x2_32x32x8_6x0x0,0.0104,148.88,374.42
gfx942,80,2368,1024,7168,False,torch.bfloat16,torch.bfloat16,False,False,opus,10216,2,209.4791,opus_gemm_gfx942_splitk_quad_mfma32_bf16ws_256x256x256x32_2x2_32x32x8_6x0x0,0.0062,165.95,255.29
gfx942,80,2368,2048,7168,False,torch.bfloat16,torch.bfloat16,False,False,opus,10216,0,397.6602,opus_gemm_gfx942_splitk_quad_mfma32_bf16ws_256x256x256x32_2x2_32x32x8_6x0x0,0.0,174.83,183.59
gfx942,80,2368,4096,256,False,torch.bfloat16,torch.bfloat16,False,False,opus,10006,0,58.1495,opus_gemm_gfx942_quad_mfma32_256x256x256x32_2x2_32x32x8_0x0x0,0.0,85.4,390.51
gfx942,80,2368,4096,1024,False,torch.bfloat16,torch.bfloat16,False,False,opus,10006,0,144.2134,opus_gemm_gfx942_quad_mfma32_256x256x256x32_2x2_32x32x8_0x0x0,0.0,137.74,226.31
gfx942,80,2368,4096,2048,False,torch.bfloat16,torch.bfloat16,False,False,opus,10006,0,262.1422,opus_gemm_gfx942_quad_mfma32_256x256x256x32_2x2_32x32x8_0x0x0,0.0,151.55,175.0
gfx942,80,2368,4096,4096,False,torch.bfloat16,torch.bfloat16,False,False,opus,10006,0,481.5599,opus_gemm_gfx942_quad_mfma32_256x256x256x32_2x2_32x32x8_0x0x0,0.0,165.0,150.24
gfx942,80,2368,8192,1024,False,torch.bfloat16,torch.bfloat16,False,False,opus,10006,0,269.1788,opus_gemm_gfx942_quad_mfma32_256x256x256x32_2x2_32x32x8_0x0x0,0.0,147.59,224.48
gfx942,80,2368,32320,4096,False,torch.bfloat16,torch.bfloat16,False,False,opus,10006,0,3584.9971,opus_gemm_gfx942_quad_mfma32_256x256x256x32_2x2_32x32x8_0x0x0,0.0,174.89,121.96
gfx942,80,2432,384,7168,False,torch.bfloat16,torch.bfloat16,False,False,opus,10204,1,128.2757,opus_gemm_gfx942_splitk_em3en4_lds1_pgr2_256x128x96x128_2x2_16x16x16_0x0x0,0.0004,104.37,329.27
gfx942,80,2432,512,7168,False,torch.bfloat16,torch.bfloat16,False,False,opus,10216,0,129.8732,opus_gemm_gfx942_splitk_quad_mfma32_bf16ws_256x256x256x32_2x2_32x32x8_6x0x0,0.0105,137.45,344.15
gfx942,80,2432,1024,7168,False,torch.bfloat16,torch.bfloat16,False,False,opus,10216,0,219.6012,opus_gemm_gfx942_splitk_quad_mfma32_bf16ws_256x256x256x32_2x2_32x32x8_6x0x0,0.0063,162.58,248.3
gfx942,80,2432,2048,7168,False,torch.bfloat16,torch.bfloat16,False,False,opus,10006,0,397.2894,opus_gemm_gfx942_quad_mfma32_256x256x256x32_2x2_32x32x8_0x0x0,0.0,179.73,186.73
gfx942,80,2432,4096,256,False,torch.bfloat16,torch.bfloat16,False,False,opus,10000,0,64.5557,opus_gemm_gfx942_512x128x128x64_2x4_16x16x16_0x0x0,0.0,79.01,360.39
gfx942,80,2432,4096,1024,False,torch.bfloat16,torch.bfloat16,False,False,opus,10006,0,152.0315,opus_gemm_gfx942_quad_mfma32_256x256x256x32_2x2_32x32x8_0x0x0,0.0,134.19,218.98
gfx942,80,2432,4096,2048,False,torch.bfloat16,torch.bfloat16,False,False,opus,10006,0,269.7862,opus_gemm_gfx942_quad_mfma32_256x256x256x32_2x2_32x32x8_0x0x0,0.0,151.24,172.96
gfx942,80,2432,4096,4096,False,torch.bfloat16,torch.bfloat16,False,False,opus,10006,0,490.5797,opus_gemm_gfx942_quad_mfma32_256x256x256x32_2x2_32x32x8_0x0x0,0.0,166.34,149.62
gfx942,80,2432,8192,1024,False,torch.bfloat16,torch.bfloat16,False,False,opus,10006,0,279.587,opus_gemm_gfx942_quad_mfma32_256x256x256x32_2x2_32x32x8_0x0x0,0.0,145.94,220.34
gfx942,80,2432,32320,4096,False,torch.bfloat16,torch.bfloat16,False,False,opus,10006,0,3646.5438,opus_gemm_gfx942_quad_mfma32_256x256x256x32_2x2_32x32x8_0x0x0,0.0,176.58,121.18
gfx942,80,2496,384,7168,False,torch.bfloat16,torch.bfloat16,False,False,opus,10204,1,128.7671,opus_gemm_gfx942_splitk_em3en4_lds1_pgr2_256x128x96x128_2x2_16x16x16_0x0x0,0.0004,106.71,335.53
gfx942,80,2496,512,7168,False,torch.bfloat16,torch.bfloat16,False,False,opus,10216,0,140.3757,opus_gemm_gfx942_splitk_quad_mfma32_bf16ws_256x256x256x32_2x2_32x32x8_6x0x0,0.0104,130.51,325.4
gfx942,80,2496,1024,7168,False,torch.bfloat16,torch.bfloat16,False,False,opus,10216,0,228.9633,opus_gemm_gfx942_splitk_quad_mfma32_bf16ws_256x256x256x32_2x2_32x32x8_6x0x0,0.0062,160.03,242.72
gfx942,80,2496,2048,7168,False,torch.bfloat16,torch.bfloat16,False,False,opus,10006,0,409.6214,opus_gemm_gfx942_quad_mfma32_256x256x256x32_2x2_32x32x8_0x0x0,0.0,178.9,183.99
gfx942,80,2496,4096,256,False,torch.bfloat16,torch.bfloat16,False,False,opus,10000,0,66.3951,opus_gemm_gfx942_512x128x128x64_2x4_16x16x16_0x0x0,0.0,78.84,358.8
gfx942,80,2496,4096,1024,False,torch.bfloat16,torch.bfloat16,False,False,opus,10006,0,159.9404,opus_gemm_gfx942_quad_mfma32_256x256x256x32_2x2_32x32x8_0x0x0,0.0,130.91,212.25
gfx942,80,2496,4096,2048,False,torch.bfloat16,torch.bfloat16,False,False,opus,10006,0,277.4326,opus_gemm_gfx942_quad_mfma32_256x256x256x32_2x2_32x32x8_0x0x0,0.0,150.94,171.03
gfx942,80,2496,4096,4096,False,torch.bfloat16,torch.bfloat16,False,False,opus,10006,0,499.8238,opus_gemm_gfx942_quad_mfma32_256x256x256x32_2x2_32x32x8_0x0x0,0.0,167.56,148.95
gfx942,80,2496,8192,1024,False,torch.bfloat16,torch.bfloat16,False,False,opus,10006,0,288.4787,opus_gemm_gfx942_quad_mfma32_256x256x256x32_2x2_32x32x8_0x0x0,0.0,145.16,217.64
gfx942,80,2496,32320,4096,False,torch.bfloat16,torch.bfloat16,False,False,opus,10006,0,3606.1471,opus_gemm_gfx942_quad_mfma32_256x256x256x32_2x2_32x32x8_0x0x0,0.0,183.26,123.83
gfx942,80,2560,384,7168,False,torch.bfloat16,torch.bfloat16,False,False,opus,10204,0,128.7695,opus_gemm_gfx942_splitk_em3en4_lds1_pgr2_256x128x96x128_2x2_16x16x16_0x0x0,0.0003,109.44,343.03
gfx942,80,2560,512,7168,False,torch.bfloat16,torch.bfloat16,False,False,opus,10216,0,122.1657,opus_gemm_gfx942_splitk_quad_mfma32_bf16ws_256x256x256x32_2x2_32x32x8_6x0x0,0.0104,153.81,381.95
gfx942,80,2560,1024,7168,False,torch.bfloat16,torch.bfloat16,False,False,opus,10216,2,207.1504,opus_gemm_gfx942_splitk_quad_mfma32_bf16ws_256x256x256x32_2x2_32x32x8_6x0x0,0.0062,181.42,273.34
gfx942,80,2560,2048,7168,False,torch.bfloat16,torch.bfloat16,False,False,opus,10006,0,383.92,opus_gemm_gfx942_quad_mfma32_256x256x256x32_2x2_32x32x8_0x0x0,0.0,195.77,199.38
gfx942,80,2560,4096,256,False,torch.bfloat16,torch.bfloat16,False,False,opus,10006,0,53.173,opus_gemm_gfx942_quad_mfma32_256x256x256x32_2x2_32x32x8_0x0x0,0.0,100.97,458.49
gfx942,80,2560,4096,1024,False,torch.bfloat16,torch.bfloat16,False,False,opus,10006,0,139.1953,opus_gemm_gfx942_quad_mfma32_256x256x256x32_2x2_32x32x8_0x0x0,0.0,154.28,248.59
gfx942,80,2560,4096,2048,False,torch.bfloat16,torch.bfloat16,False,False,opus,10006,0,261.0186,opus_gemm_gfx942_quad_mfma32_256x256x256x32_2x2_32x32x8_0x0x0,0.0,164.55,184.79
gfx942,80,2560,4096,4096,False,torch.bfloat16,torch.bfloat16,False,False,opus,10006,0,483.3192,opus_gemm_gfx942_quad_mfma32_256x256x256x32_2x2_32x32x8_0x0x0,0.0,177.73,156.21
gfx942,80,2560,8192,1024,False,torch.bfloat16,torch.bfloat16,False,False,opus,10006,0,265.0307,opus_gemm_gfx942_quad_mfma32_256x256x256x32_2x2_32x32x8_0x0x0,0.0,162.06,241.34
gfx942,80,2560,32320,4096,False,torch.bfloat16,torch.bfloat16,False,False,opus,10006,0,3600.3094,opus_gemm_gfx942_quad_mfma32_256x256x256x32_2x2_32x32x8_0x0x0,0.0,188.26,125.33
gfx942,80,2624,384,7168,False,torch.bfloat16,torch.bfloat16,False,False,opus,10000,0,150.8934,opus_gemm_gfx942_512x128x128x64_2x4_16x16x16_0x0x0,0.0,95.73,299.14
gfx942,80,2624,512,7168,False,torch.bfloat16,torch.bfloat16,False,False,opus,10216,6,164.8021,opus_gemm_gfx942_splitk_quad_mfma32_bf16ws_256x256x256x32_2x2_32x32x8_6x0x0,0.0118,116.87,289.1
gfx942,80,2624,1024,7168,False,torch.bfloat16,torch.bfloat16,False,False,opus,10216,8,311.7903,opus_gemm_gfx942_splitk_quad_mfma32_bf16ws_256x256x256x32_2x2_32x32x8_6x0x0,0.0124,123.55,184.97
gfx942,80,2624,2048,7168,False,torch.bfloat16,torch.bfloat16,False,False,opus,10216,2,594.611,opus_gemm_gfx942_splitk_quad_mfma32_bf16ws_256x256x256x32_2x2_32x32x8_6x0x0,0.0063,129.57,130.72
gfx942,80,2624,4096,256,False,torch.bfloat16,torch.bfloat16,False,False,opus,10000,0,71.4005,opus_gemm_gfx942_512x128x128x64_2x4_16x16x16_0x0x0,0.0,77.07,349.25
gfx942,80,2624,4096,1024,False,torch.bfloat16,torch.bfloat16,False,False,opus,10000,0,191.1887,opus_gemm_gfx942_512x128x128x64_2x4_16x16x16_0x0x0,0.0,115.13,184.42
gfx942,80,2624,4096,2048,False,torch.bfloat16,torch.bfloat16,False,False,opus,10000,0,354.4128,opus_gemm_gfx942_512x128x128x64_2x4_16x16x16_0x0x0,0.0,124.22,138.32
gfx942,80,2624,4096,4096,False,torch.bfloat16,torch.bfloat16,False,False,opus,10006,0,669.8646,opus_gemm_gfx942_quad_mfma32_256x256x256x32_2x2_32x32x8_0x0x0,0.0,131.44,114.27
gfx942,80,2624,8192,1024,False,torch.bfloat16,torch.bfloat16,False,False,opus,10006,0,324.072,opus_gemm_gfx942_quad_mfma32_256x256x256x32_2x2_32x32x8_0x0x0,0.0,135.84,201.01
gfx942,80,2624,32320,4096,False,torch.bfloat16,torch.bfloat16,False,False,opus,10006,0,4010.29,opus_gemm_gfx942_quad_mfma32_256x256x256x32_2x2_32x32x8_0x0x0,0.0,173.24,113.68
gfx942,80,2688,384,7168,False,torch.bfloat16,torch.bfloat16,False,False,opus,10000,0,151.7141,opus_gemm_gfx942_512x128x128x64_2x4_16x16x16_0x0x0,0.0,97.54,303.89
gfx942,80,2688,512,7168,False,torch.bfloat16,torch.bfloat16,False,False,opus,10216,6,173.8742,opus_gemm_gfx942_splitk_quad_mfma32_bf16ws_256x256x256x32_2x2_32x32x8_6x0x0,0.0117,113.47,279.67
gfx942,80,2688,1024,7168,False,torch.bfloat16,torch.bfloat16,False,False,opus,10216,6,319.334,opus_gemm_gfx942_splitk_quad_mfma32_bf16ws_256x256x256x32_2x2_32x32x8_6x0x0,0.0117,123.57,183.88
gfx942,80,2688,2048,7168,False,torch.bfloat16,torch.bfloat16,False,False,opus,10216,4,551.9257,opus_gemm_gfx942_splitk_quad_mfma32_bf16ws_256x256x256x32_2x2_32x32x8_6x0x0,0.0105,142.99,142.96
gfx942,80,2688,4096,256,False,torch.bfloat16,torch.bfloat16,False,False,opus,10000,0,70.3168,opus_gemm_gfx942_512x128x128x64_2x4_16x16x16_0x0x0,0.0,80.17,362.55
gfx942,80,2688,4096,1024,False,torch.bfloat16,torch.bfloat16,False,False,opus,10000,0,190.5906,opus_gemm_gfx942_512x128x128x64_2x4_16x16x16_0x0x0,0.0,118.31,188.43
gfx942,80,2688,4096,2048,False,torch.bfloat16,torch.bfloat16,False,False,opus,10000,0,357.047,opus_gemm_gfx942_512x128x128x64_2x4_16x16x16_0x0x0,0.0,126.31,139.5
gfx942,80,2688,4096,4096,False,torch.bfloat16,torch.bfloat16,False,False,opus,10006,0,678.6217,opus_gemm_gfx942_quad_mfma32_256x256x256x32_2x2_32x32x8_0x0x0,0.0,132.91,114.34
gfx942,80,2688,8192,1024,False,torch.bfloat16,torch.bfloat16,False,False,opus,10006,0,335.0745,opus_gemm_gfx942_quad_mfma32_256x256x256x32_2x2_32x32x8_0x0x0,0.0,134.59,197.93
gfx942,80,2688,32320,4096,False,torch.bfloat16,torch.bfloat16,False,False,opus,10006,0,4062.893,opus_gemm_gfx942_quad_mfma32_256x256x256x32_2x2_32x32x8_0x0x0,0.0,175.17,113.35
gfx942,80,2752,384,7168,False,torch.bfloat16,torch.bfloat16,False,False,opus,10000,0,151.0771,opus_gemm_gfx942_512x128x128x64_2x4_16x16x16_0x0x0,0.0,100.28,311.57
gfx942,80,2752,512,7168,False,torch.bfloat16,torch.bfloat16,False,False,opus,10216,6,182.4793,opus_gemm_gfx942_splitk_quad_mfma32_bf16ws_256x256x256x32_2x2_32x32x8_6x0x0,0.0117,110.7,271.87
gfx942,80,2752,1024,7168,False,torch.bfloat16,torch.bfloat16,False,False,opus,10216,8,333.783,opus_gemm_gfx942_splitk_quad_mfma32_bf16ws_256x256x256x32_2x2_32x32x8_6x0x0,0.0123,121.04,179.06
gfx942,80,2752,2048,7168,False,torch.bfloat16,torch.bfloat16,False,False,opus,10216,4,560.7992,opus_gemm_gfx942_splitk_quad_mfma32_bf16ws_256x256x256x32_2x2_32x32x8_6x0x0,0.0105,144.08,142.81
gfx942,80,2752,4096,256,False,torch.bfloat16,torch.bfloat16,False,False,opus,10000,0,74.0054,opus_gemm_gfx942_512x128x128x64_2x4_16x16x16_0x0x0,0.0,77.99,352.01
gfx942,80,2752,4096,1024,False,torch.bfloat16,torch.bfloat16,False,False,opus,10000,0,196.9221,opus_gemm_gfx942_512x128x128x64_2x4_16x16x16_0x0x0,0.0,117.23,185.7
gfx942,80,2752,4096,2048,False,torch.bfloat16,torch.bfloat16,False,False,opus,10000,0,362.8127,opus_gemm_gfx942_512x128x128x64_2x4_16x16x16_0x0x0,0.0,127.26,139.45
gfx942,80,2752,4096,4096,False,torch.bfloat16,torch.bfloat16,False,False,opus,10006,0,687.3441,opus_gemm_gfx942_quad_mfma32_256x256x256x32_2x2_32x32x8_0x0x0,0.0,134.35,114.42
gfx942,80,2752,8192,1024,False,torch.bfloat16,torch.bfloat16,False,False,opus,10006,0,343.322,opus_gemm_gfx942_quad_mfma32_256x256x256x32_2x2_32x32x8_0x0x0,0.0,134.48,196.61
gfx942,80,2752,32320,4096,False,torch.bfloat16,torch.bfloat16,False,False,opus,10006,0,4122.2528,opus_gemm_gfx942_quad_mfma32_256x256x256x32_2x2_32x32x8_0x0x0,0.0,176.76,112.85
gfx942,80,2816,384,7168,False,torch.bfloat16,torch.bfloat16,False,False,opus,10000,0,151.5738,opus_gemm_gfx942_512x128x128x64_2x4_16x16x16_0x0x0,0.0,102.27,316.93
gfx942,80,2816,512,7168,False,torch.bfloat16,torch.bfloat16,False,False,opus,10216,6,164.0231,opus_gemm_gfx942_splitk_quad_mfma32_bf16ws_256x256x256x32_2x2_32x32x8_6x0x0,0.0117,126.02,308.46
gfx942,80,2816,1024,7168,False,torch.bfloat16,torch.bfloat16,False,False,opus,10216,8,307.1799,opus_gemm_gfx942_splitk_quad_mfma32_bf16ws_256x256x256x32_2x2_32x32x8_6x0x0,0.0123,134.58,197.99
gfx942,80,2816,2048,7168,False,torch.bfloat16,torch.bfloat16,False,False,opus,10216,4,537.1327,opus_gemm_gfx942_splitk_quad_mfma32_bf16ws_256x256x256x32_2x2_32x32x8_6x0x0,0.0105,153.92,151.29
gfx942,80,2816,4096,256,False,torch.bfloat16,torch.bfloat16,False,False,opus,10000,0,73.443,opus_gemm_gfx942_512x128x128x64_2x4_16x16x16_0x0x0,0.0,80.41,362.29
gfx942,80,2816,4096,1024,False,torch.bfloat16,torch.bfloat16,False,False,opus,10006,0,195.0294,opus_gemm_gfx942_quad_mfma32_256x256x256x32_2x2_32x32x8_0x0x0,0.0,121.12,190.87
gfx942,80,2816,4096,2048,False,torch.bfloat16,torch.bfloat16,False,False,opus,10006,0,360.4344,opus_gemm_gfx942_quad_mfma32_256x256x256x32_2x2_32x32x8_0x0x0,0.0,131.08,142.55
gfx942,80,2816,4096,4096,False,torch.bfloat16,torch.bfloat16,False,False,opus,10006,0,666.4159,opus_gemm_gfx942_quad_mfma32_256x256x256x32_2x2_32x32x8_0x0x0,0.0,141.79,119.58
gfx942,80,2816,8192,1024,False,torch.bfloat16,torch.bfloat16,False,False,opus,10006,0,323.3442,opus_gemm_gfx942_quad_mfma32_256x256x256x32_2x2_32x32x8_0x0x0,0.0,146.11,212.41
gfx942,80,2816,32320,4096,False,torch.bfloat16,torch.bfloat16,False,False,opus,10006,0,4126.6406,opus_gemm_gfx942_quad_mfma32_256x256x256x32_2x2_32x32x8_0x0x0,0.0,180.67,113.86
gfx942,80,2880,384,7168,False,torch.bfloat16,torch.bfloat16,False,False,opus,10000,0,151.1783,opus_gemm_gfx942_512x128x128x64_2x4_16x16x16_0x0x0,0.0,104.87,324.15
gfx942,80,2880,512,7168,False,torch.bfloat16,torch.bfloat16,False,False,opus,10216,6,166.2132,opus_gemm_gfx942_splitk_quad_mfma32_bf16ws_256x256x256x32_2x2_32x32x8_6x0x0,0.0117,127.18,310.31
gfx942,80,2880,1024,7168,False,torch.bfloat16,torch.bfloat16,False,False,opus,10216,6,314.8596,opus_gemm_gfx942_splitk_quad_mfma32_bf16ws_256x256x256x32_2x2_32x32x8_6x0x0,0.0117,134.28,196.49
gfx942,80,2880,2048,7168,False,torch.bfloat16,torch.bfloat16,False,False,opus,10216,4,554.2819,opus_gemm_gfx942_splitk_quad_mfma32_bf16ws_256x256x256x32_2x2_32x32x8_6x0x0,0.0104,152.55,148.74
gfx942,80,2880,4096,256,False,torch.bfloat16,torch.bfloat16,False,False,opus,10000,0,76.9623,opus_gemm_gfx942_512x128x128x64_2x4_16x16x16_0x0x0,0.0,78.48,352.96
gfx942,80,2880,4096,1024,False,torch.bfloat16,torch.bfloat16,False,False,opus,10006,0,200.0036,opus_gemm_gfx942_quad_mfma32_256x256x256x32_2x2_32x32x8_0x0x0,0.0,120.79,189.4
gfx942,80,2880,4096,2048,False,torch.bfloat16,torch.bfloat16,False,False,opus,10006,0,366.648,opus_gemm_gfx942_quad_mfma32_256x256x256x32_2x2_32x32x8_0x0x0,0.0,131.78,142.28
gfx942,80,2880,4096,4096,False,torch.bfloat16,torch.bfloat16,False,False,opus,10006,0,669.8255,opus_gemm_gfx942_quad_mfma32_256x256x256x32_2x2_32x32x8_0x0x0,0.0,144.27,120.54
gfx942,80,2880,8192,1024,False,torch.bfloat16,torch.bfloat16,False,False,opus,10006,0,330.249,opus_gemm_gfx942_quad_mfma32_256x256x256x32_2x2_32x32x8_0x0x0,0.0,146.31,211.54
gfx942,80,2880,32320,4096,False,torch.bfloat16,torch.bfloat16,False,False,opus,10006,0,4472.1415,opus_gemm_gfx942_quad_mfma32_256x256x256x32_2x2_32x32x8_0x0x0,0.0,170.51,106.11
gfx942,80,2944,384,7168,False,torch.bfloat16,torch.bfloat16,False,False,opus,10000,0,152.1653,opus_gemm_gfx942_512x128x128x64_2x4_16x16x16_0x0x0,0.0,106.51,328.4
gfx942,80,2944,512,7168,False,torch.bfloat16,torch.bfloat16,False,False,opus,10216,6,176.298,opus_gemm_gfx942_splitk_quad_mfma32_bf16ws_256x256x256x32_2x2_32x32x8_6x0x0,0.0117,122.57,298.13
gfx942,80,2944,1024,7168,False,torch.bfloat16,torch.bfloat16,False,False,opus,10216,6,330.057,opus_gemm_gfx942_splitk_quad_mfma32_bf16ws_256x256x256x32_2x2_32x32x8_6x0x0,0.0117,130.94,190.62
gfx942,80,2944,2048,7168,False,torch.bfloat16,torch.bfloat16,False,False,opus,10216,4,571.3664,opus_gemm_gfx942_splitk_quad_mfma32_bf16ws_256x256x256x32_2x2_32x32x8_6x0x0,0.0104,151.28,146.36
gfx942,80,2944,4096,256,False,torch.bfloat16,torch.bfloat16,False,False,opus,10000,0,76.2998,opus_gemm_gfx942_512x128x128x64_2x4_16x16x16_0x0x0,0.0,80.92,363.33
gfx942,80,2944,4096,1024,False,torch.bfloat16,torch.bfloat16,False,False,opus,10000,0,207.4613,opus_gemm_gfx942_512x128x128x64_2x4_16x16x16_0x0x0,0.0,119.04,185.75
gfx942,80,2944,4096,2048,False,torch.bfloat16,torch.bfloat16,False,False,opus,10006,0,375.467,opus_gemm_gfx942_quad_mfma32_256x256x256x32_2x2_32x32x8_0x0x0,0.0,131.55,141.03
gfx942,80,2944,4096,4096,False,torch.bfloat16,torch.bfloat16,False,False,opus,10006,0,679.3437,opus_gemm_gfx942_quad_mfma32_256x256x256x32_2x2_32x32x8_0x0x0,0.0,145.41,120.39
gfx942,80,2944,8192,1024,False,torch.bfloat16,torch.bfloat16,False,False,opus,10006,0,339.3573,opus_gemm_gfx942_quad_mfma32_256x256x256x32_2x2_32x32x8_0x0x0,0.0,145.55,209.34
gfx942,80,2944,32320,4096,False,torch.bfloat16,torch.bfloat16,False,False,opus,10006,0,4489.2589,opus_gemm_gfx942_quad_mfma32_256x256x256x32_2x2_32x32x8_0x0x0,0.0,173.63,106.74
gfx942,80,3008,384,7168,False,torch.bfloat16,torch.bfloat16,False,False,opus,10000,0,151.3623,opus_gemm_gfx942_512x128x128x64_2x4_16x16x16_0x0x0,0.0,109.4,336.53
gfx942,80,3008,512,7168,False,torch.bfloat16,torch.bfloat16,False,False,opus,10216,6,184.2853,opus_gemm_gfx942_splitk_quad_mfma32_bf16ws_256x256x256x32_2x2_32x32x8_6x0x0,0.0117,119.81,290.54
gfx942,80,3008,1024,7168,False,torch.bfloat16,torch.bfloat16,False,False,opus,10216,6,338.0519,opus_gemm_gfx942_splitk_quad_mfma32_bf16ws_256x256x256x32_2x2_32x32x8_6x0x0,0.0117,130.62,189.21
gfx942,80,3008,2048,7168,False,torch.bfloat16,torch.bfloat16,False,False,opus,10216,4,587.0042,opus_gemm_gfx942_splitk_quad_mfma32_bf16ws_256x256x256x32_2x2_32x32x8_6x0x0,0.0104,150.45,144.47
gfx942,80,3008,4096,256,False,torch.bfloat16,torch.bfloat16,False,False,opus,10000,0,80.255,opus_gemm_gfx942_512x128x128x64_2x4_16x16x16_0x0x0,0.0,78.6,352.36
gfx942,80,3008,4096,1024,False,torch.bfloat16,torch.bfloat16,False,False,opus,10000,0,214.3381,opus_gemm_gfx942_512x128x128x64_2x4_16x16x16_0x0x0,0.0,117.72,182.84
gfx942,80,3008,4096,2048,False,torch.bfloat16,torch.bfloat16,False,False,opus,10006,0,383.8895,opus_gemm_gfx942_quad_mfma32_256x256x256x32_2x2_32x32x8_0x0x0,0.0,131.46,139.99
gfx942,80,3008,4096,4096,False,torch.bfloat16,torch.bfloat16,False,False,opus,10006,0,687.3082,opus_gemm_gfx942_quad_mfma32_256x256x256x32_2x2_32x32x8_0x0x0,0.0,146.85,120.52
gfx942,80,3008,8192,1024,False,torch.bfloat16,torch.bfloat16,False,False,opus,10006,0,348.1465,opus_gemm_gfx942_quad_mfma32_256x256x256x32_2x2_32x32x8_0x0x0,0.0,144.96,207.44
gfx942,80,3008,32320,4096,False,torch.bfloat16,torch.bfloat16,False,False,opus,10006,0,4526.0763,opus_gemm_gfx942_quad_mfma32_256x256x256x32_2x2_32x32x8_0x0x0,0.0,175.96,106.9
gfx942,80,3072,384,7168,False,torch.bfloat16,torch.bfloat16,False,False,opus,10000,0,152.1118,opus_gemm_gfx942_512x128x128x64_2x4_16x16x16_0x0x0,0.0,111.18,341.23
gfx942,80,3072,512,7168,False,torch.bfloat16,torch.bfloat16,False,False,opus,10216,6,164.8618,opus_gemm_gfx942_splitk_quad_mfma32_bf16ws_256x256x256x32_2x2_32x32x8_6x0x0,0.0119,136.77,330.74
gfx942,80,3072,1024,7168,False,torch.bfloat16,torch.bfloat16,False,False,opus,10216,6,309.4209,opus_gemm_gfx942_splitk_quad_mfma32_bf16ws_256x256x256x32_2x2_32x32x8_6x0x0,0.0118,145.75,210.11
gfx942,80,3072,2048,7168,False,torch.bfloat16,torch.bfloat16,False,False,opus,10216,4,553.5623,opus_gemm_gfx942_splitk_quad_mfma32_bf16ws_256x256x256x32_2x2_32x32x8_6x0x0,0.0105,162.93,155.33
gfx942,80,3072,4096,256,False,torch.bfloat16,torch.bfloat16,False,False,opus,10006,0,74.685,opus_gemm_gfx942_quad_mfma32_256x256x256x32_2x2_32x32x8_0x0x0,0.0,86.26,386.1
gfx942,80,3072,4096,1024,False,torch.bfloat16,torch.bfloat16,False,False,opus,10006,0,196.4527,opus_gemm_gfx942_quad_mfma32_256x256x256x32_2x2_32x32x8_0x0x0,0.0,131.18,202.83
gfx942,80,3072,4096,2048,False,torch.bfloat16,torch.bfloat16,False,False,opus,10006,0,363.0906,opus_gemm_gfx942_quad_mfma32_256x256x256x32_2x2_32x32x8_0x0x0,0.0,141.95,150.17
gfx942,80,3072,4096,4096,False,torch.bfloat16,torch.bfloat16,False,False,opus,10006,0,667.9728,opus_gemm_gfx942_quad_mfma32_256x256x256x32_2x2_32x32x8_0x0x0,0.0,154.32,125.58
gfx942,80,3072,8192,1024,False,torch.bfloat16,torch.bfloat16,False,False,opus,10006,0,324.3333,opus_gemm_gfx942_quad_mfma32_256x256x256x32_2x2_32x32x8_0x0x0,0.0,158.91,226.31
gfx942,80,3072,32320,4096,False,torch.bfloat16,torch.bfloat16,False,False,opus,10006,0,4484.2838,opus_gemm_gfx942_quad_mfma32_256x256x256x32_2x2_32x32x8_0x0x0,0.0,181.38,108.94
gfx942,80,3136,384,7168,False,torch.bfloat16,torch.bfloat16,False,False,opus,10000,0,151.7403,opus_gemm_gfx942_512x128x128x64_2x4_16x16x16_0x0x0,0.0,113.77,348.43
gfx942,80,3136,512,7168,False,torch.bfloat16,torch.bfloat16,False,False,opus,10216,6,167.9584,opus_gemm_gfx942_splitk_quad_mfma32_bf16ws_256x256x256x32_2x2_32x32x8_6x0x0,0.0117,137.05,330.49
gfx942,80,3136,1024,7168,False,torch.bfloat16,torch.bfloat16,False,False,opus,10216,6,325.7747,opus_gemm_gfx942_splitk_quad_mfma32_bf16ws_256x256x256x32_2x2_32x32x8_6x0x0,0.0118,141.31,202.78
gfx942,80,3136,2048,7168,False,torch.bfloat16,torch.bfloat16,False,False,opus,10216,2,610.0777,opus_gemm_gfx942_splitk_quad_mfma32_bf16ws_256x256x256x32_2x2_32x32x8_6x0x0,0.0062,150.92,142.87
gfx942,80,3136,4096,256,False,torch.bfloat16,torch.bfloat16,False,False,opus,10006,0,79.8757,opus_gemm_gfx942_quad_mfma32_256x256x256x32_2x2_32x32x8_0x0x0,0.0,82.34,367.98
gfx942,80,3136,4096,1024,False,torch.bfloat16,torch.bfloat16,False,False,opus,10006,0,202.5163,opus_gemm_gfx942_quad_mfma32_256x256x256x32_2x2_32x32x8_0x0x0,0.0,129.9,199.99
gfx942,80,3136,4096,2048,False,torch.bfloat16,torch.bfloat16,False,False,opus,10006,0,370.5139,opus_gemm_gfx942_quad_mfma32_256x256x256x32_2x2_32x32x8_0x0x0,0.0,142.0,149.29
gfx942,80,3136,4096,4096,False,torch.bfloat16,torch.bfloat16,False,False,opus,10006,0,674.2305,opus_gemm_gfx942_quad_mfma32_256x256x256x32_2x2_32x32x8_0x0x0,0.0,156.07,125.97
gfx942,80,3136,8192,1024,False,torch.bfloat16,torch.bfloat16,False,False,opus,10006,0,386.2733,opus_gemm_gfx942_quad_mfma32_256x256x256x32_2x2_32x32x8_0x0x0,0.0,136.21,193.08
gfx942,80,3136,32320,4096,False,torch.bfloat16,torch.bfloat16,False,False,opus,10006,0,4779.3053,opus_gemm_gfx942_quad_mfma32_256x256x256x32_2x2_32x32x8_0x0x0,0.0,173.73,103.19
gfx942,80,3200,384,7168,False,torch.bfloat16,torch.bfloat16,False,False,opus,10000,0,152.1542,opus_gemm_gfx942_512x128x128x64_2x4_16x16x16_0x0x0,0.0,115.78,353.84
gfx942,80,3200,512,7168,False,torch.bfloat16,torch.bfloat16,False,False,opus,10216,6,177.5919,opus_gemm_gfx942_splitk_quad_mfma32_bf16ws_256x256x256x32_2x2_32x32x8_6x0x0,0.0117,132.26,318.1
gfx942,80,3200,1024,7168,False,torch.bfloat16,torch.bfloat16,False,False,opus,10210,2,390.468,opus_gemm_gfx942_splitk_legacy_bf16ws_512x128x128x64_2x4_16x16x16_0x0x0,0.0062,120.31,171.87
gfx942,80,3200,2048,7168,False,torch.bfloat16,torch.bfloat16,False,False,opus,10216,2,617.6717,opus_gemm_gfx942_splitk_quad_mfma32_bf16ws_256x256x256x32_2x2_32x32x8_6x0x0,0.0062,152.11,143.03
gfx942,80,3200,4096,256,False,torch.bfloat16,torch.bfloat16,False,False,opus,10000,0,81.9107,opus_gemm_gfx942_512x128x128x64_2x4_16x16x16_0x0x0,0.0,81.93,365.64
gfx942,80,3200,4096,1024,False,torch.bfloat16,torch.bfloat16,False,False,opus,10006,0,210.4188,opus_gemm_gfx942_quad_mfma32_256x256x256x32_2x2_32x32x8_0x0x0,0.0,127.57,195.59
gfx942,80,3200,4096,2048,False,torch.bfloat16,torch.bfloat16,False,False,opus,10006,0,378.3143,opus_gemm_gfx942_quad_mfma32_256x256x256x32_2x2_32x32x8_0x0x0,0.0,141.91,148.29
gfx942,80,3200,4096,4096,False,torch.bfloat16,torch.bfloat16,False,False,opus,10006,0,683.8044,opus_gemm_gfx942_quad_mfma32_256x256x256x32_2x2_32x32x8_0x0x0,0.0,157.02,125.74
gfx942,80,3200,8192,1024,False,torch.bfloat16,torch.bfloat16,False,False,opus,10006,0,396.6216,opus_gemm_gfx942_quad_mfma32_256x256x256x32_2x2_32x32x8_0x0x0,0.0,135.36,191.01
gfx942,80,3200,32320,4096,False,torch.bfloat16,torch.bfloat16,False,False,opus,10006,0,4687.2326,opus_gemm_gfx942_quad_mfma32_256x256x256x32_2x2_32x32x8_0x0x0,0.0,180.76,106.21
gfx942,80,3264,384,7168,False,torch.bfloat16,torch.bfloat16,False,False,opus,10000,0,152.1525,opus_gemm_gfx942_512x128x128x64_2x4_16x16x16_0x0x0,0.0,118.09,360.19
gfx942,80,3264,512,7168,False,torch.bfloat16,torch.bfloat16,False,False,opus,10216,6,185.5714,opus_gemm_gfx942_splitk_quad_mfma32_bf16ws_256x256x256x32_2x2_32x32x8_6x0x0,0.0117,129.1,309.72
gfx942,80,3264,1024,7168,False,torch.bfloat16,torch.bfloat16,False,False,opus,10216,6,343.3574,opus_gemm_gfx942_splitk_quad_mfma32_bf16ws_256x256x256x32_2x2_32x32x8_6x0x0,0.0117,139.55,198.5
gfx942,80,3264,2048,7168,False,torch.bfloat16,torch.bfloat16,False,False,opus,10216,2,625.9889,opus_gemm_gfx942_splitk_quad_mfma32_bf16ws_256x256x256x32_2x2_32x32x8_6x0x0,0.0063,153.09,143.01
gfx942,80,3264,4096,256,False,torch.bfloat16,torch.bfloat16,False,False,opus,10000,0,86.277,opus_gemm_gfx942_512x128x128x64_2x4_16x16x16_0x0x0,0.0,79.34,353.59
gfx942,80,3264,4096,1024,False,torch.bfloat16,torch.bfloat16,False,False,opus,10006,0,218.4498,opus_gemm_gfx942_quad_mfma32_256x256x256x32_2x2_32x32x8_0x0x0,0.0,125.34,191.4
gfx942,80,3264,4096,2048,False,torch.bfloat16,torch.bfloat16,False,False,opus,10006,0,389.1828,opus_gemm_gfx942_quad_mfma32_256x256x256x32_2x2_32x32x8_0x0x0,0.0,140.71,146.17
gfx942,80,3264,4096,4096,False,torch.bfloat16,torch.bfloat16,False,False,opus,10006,0,691.0846,opus_gemm_gfx942_quad_mfma32_256x256x256x32_2x2_32x32x8_0x0x0,0.0,158.48,125.94
gfx942,80,3264,8192,1024,False,torch.bfloat16,torch.bfloat16,False,False,opus,10006,0,405.6804,opus_gemm_gfx942_quad_mfma32_256x256x256x32_2x2_32x32x8_0x0x0,0.0,134.99,189.65
gfx942,80,3264,32320,4096,False,torch.bfloat16,torch.bfloat16,False,False,opus,10006,0,4806.9279,opus_gemm_gfx942_quad_mfma32_256x256x256x32_2x2_32x32x8_0x0x0,0.0,179.78,104.53
gfx942,80,3328,384,7168,False,torch.bfloat16,torch.bfloat16,False,False,opus,10000,0,152.4114,opus_gemm_gfx942_512x128x128x64_2x4_16x16x16_0x0x0,0.0,120.21,365.92
gfx942,80,3328,512,7168,False,torch.bfloat16,torch.bfloat16,False,False,opus,10216,6,164.6359,opus_gemm_gfx942_splitk_quad_mfma32_bf16ws_256x256x256x32_2x2_32x32x8_6x0x0,0.0117,148.37,355.08
gfx942,80,3328,1024,7168,False,torch.bfloat16,torch.bfloat16,False,False,opus,10216,6,322.5187,opus_gemm_gfx942_splitk_quad_mfma32_bf16ws_256x256x256x32_2x2_32x32x8_6x0x0,0.0118,151.48,214.58
gfx942,80,3328,2048,7168,False,torch.bfloat16,torch.bfloat16,False,False,opus,10216,2,603.2537,opus_gemm_gfx942_splitk_quad_mfma32_bf16ws_256x256x256x32_2x2_32x32x8_6x0x0,0.0062,161.97,150.35
gfx942,80,3328,4096,256,False,torch.bfloat16,torch.bfloat16,False,False,opus,10006,0,75.0401,opus_gemm_gfx942_quad_mfma32_256x256x256x32_2x2_32x32x8_0x0x0,0.0,93.01,413.97
gfx942,80,3328,4096,1024,False,torch.bfloat16,torch.bfloat16,False,False,opus,10006,0,197.7767,opus_gemm_gfx942_quad_mfma32_256x256x256x32_2x2_32x32x8_0x0x0,0.0,141.16,214.72
gfx942,80,3328,4096,2048,False,torch.bfloat16,torch.bfloat16,False,False,opus,10006,0,367.141,opus_gemm_gfx942_quad_mfma32_256x256x256x32_2x2_32x32x8_0x0x0,0.0,152.08,157.08
gfx942,80,3328,4096,4096,False,torch.bfloat16,torch.bfloat16,False,False,opus,10006,0,680.0897,opus_gemm_gfx942_quad_mfma32_256x256x256x32_2x2_32x32x8_0x0x0,0.0,164.2,129.51
gfx942,80,3328,8192,1024,False,torch.bfloat16,torch.bfloat16,False,False,opus,10006,0,383.4262,opus_gemm_gfx942_quad_mfma32_256x256x256x32_2x2_32x32x8_0x0x0,0.0,145.62,203.74
gfx942,80,3328,32320,4096,False,torch.bfloat16,torch.bfloat16,False,False,opus,10006,0,4703.706,opus_gemm_gfx942_quad_mfma32_256x256x256x32_2x2_32x32x8_0x0x0,0.0,187.33,107.82
gfx942,80,3392,384,7168,False,torch.bfloat16,torch.bfloat16,False,False,opus,10204,2,186.0065,opus_gemm_gfx942_splitk_em3en4_lds1_pgr2_256x128x96x128_2x2_16x16x16_0x0x0,0.0,100.39,305.03
gfx942,80,3392,512,7168,False,torch.bfloat16,torch.bfloat16,False,False,opus,10216,8,197.516,opus_gemm_gfx942_splitk_quad_mfma32_bf16ws_256x256x256x32_2x2_32x32x8_6x0x0,0.0123,126.05,300.94
gfx942,80,3392,1024,7168,False,torch.bfloat16,torch.bfloat16,False,False,opus,10216,4,342.3889,opus_gemm_gfx942_splitk_quad_mfma32_bf16ws_256x256x256x32_2x2_32x32x8_6x0x0,0.0105,145.43,205.19
gfx942,80,3392,2048,7168,False,torch.bfloat16,torch.bfloat16,False,False,opus,10216,2,615.2248,opus_gemm_gfx942_splitk_quad_mfma32_bf16ws_256x256x256x32_2x2_32x32x8_6x0x0,0.0063,161.88,149.35
gfx942,80,3392,4096,256,False,torch.bfloat16,torch.bfloat16,False,False,opus,10006,0,80.8847,opus_gemm_gfx942_quad_mfma32_256x256x256x32_2x2_32x32x8_0x0x0,0.0,87.95,390.94
gfx942,80,3392,4096,1024,False,torch.bfloat16,torch.bfloat16,False,False,opus,10006,0,203.5141,opus_gemm_gfx942_quad_mfma32_256x256x256x32_2x2_32x32x8_0x0x0,0.0,139.81,211.89
gfx942,80,3392,4096,2048,False,torch.bfloat16,torch.bfloat16,False,False,opus,10006,0,374.3399,opus_gemm_gfx942_quad_mfma32_256x256x256x32_2x2_32x32x8_0x0x0,0.0,152.02,156.16
gfx942,80,3392,4096,4096,False,torch.bfloat16,torch.bfloat16,False,False,opus,10006,0,683.1389,opus_gemm_gfx942_quad_mfma32_256x256x256x32_2x2_32x32x8_0x0x0,0.0,166.61,130.47
gfx942,80,3392,8192,1024,False,torch.bfloat16,torch.bfloat16,False,False,opus,10006,0,390.0314,opus_gemm_gfx942_quad_mfma32_256x256x256x32_2x2_32x32x8_0x0x0,0.0,145.91,203.31
gfx942,80,3392,32320,4096,False,torch.bfloat16,torch.bfloat16,False,False,opus,10006,0,5121.6353,opus_gemm_gfx942_quad_mfma32_256x256x256x32_2x2_32x32x8_0x0x0,0.0,175.35,99.93
gfx942,80,3456,384,7168,False,torch.bfloat16,torch.bfloat16,False,False,opus,10204,2,185.8054,opus_gemm_gfx942_splitk_em3en4_lds1_pgr2_256x128x96x128_2x2_16x16x16_0x0x0,0.0002,102.39,310.56
gfx942,80,3456,512,7168,False,torch.bfloat16,torch.bfloat16,False,False,opus,10216,8,208.0453,opus_gemm_gfx942_splitk_quad_mfma32_bf16ws_256x256x256x32_2x2_32x32x8_6x0x0,0.0123,121.93,290.44
gfx942,80,3456,1024,7168,False,torch.bfloat16,torch.bfloat16,False,False,opus,10216,4,352.5613,opus_gemm_gfx942_splitk_quad_mfma32_bf16ws_256x256x256x32_2x2_32x32x8_6x0x0,0.0104,143.9,202.24
gfx942,80,3456,2048,7168,False,torch.bfloat16,torch.bfloat16,False,False,opus,10216,2,622.0613,opus_gemm_gfx942_splitk_quad_mfma32_bf16ws_256x256x256x32_2x2_32x32x8_6x0x0,0.0063,163.12,149.6
gfx942,80,3456,4096,256,False,torch.bfloat16,torch.bfloat16,False,False,opus,10000,0,88.2652,opus_gemm_gfx942_512x128x128x64_2x4_16x16x16_0x0x0,0.0,82.11,364.56
gfx942,80,3456,4096,1024,False,torch.bfloat16,torch.bfloat16,False,False,opus,10006,0,211.5896,opus_gemm_gfx942_quad_mfma32_256x256x256x32_2x2_32x32x8_0x0x0,0.0,137.02,206.9
gfx942,80,3456,4096,2048,False,torch.bfloat16,torch.bfloat16,False,False,opus,10006,0,380.6203,opus_gemm_gfx942_quad_mfma32_256x256x256x32_2x2_32x32x8_0x0x0,0.0,152.34,155.65
gfx942,80,3456,4096,4096,False,torch.bfloat16,torch.bfloat16,False,False,opus,10006,0,687.7987,opus_gemm_gfx942_quad_mfma32_256x256x256x32_2x2_32x32x8_0x0x0,0.0,168.6,131.11
gfx942,80,3456,8192,1024,False,torch.bfloat16,torch.bfloat16,False,False,opus,10006,0,400.0444,opus_gemm_gfx942_quad_mfma32_256x256x256x32_2x2_32x32x8_0x0x0,0.0,144.94,201.17
gfx942,80,3456,32320,4096,False,torch.bfloat16,torch.bfloat16,False,False,opus,10006,0,5128.1297,opus_gemm_gfx942_quad_mfma32_256x256x256x32_2x2_32x32x8_0x0x0,0.0,178.43,100.71
gfx942,80,3520,384,7168,False,torch.bfloat16,torch.bfloat16,False,False,opus,10204,2,186.4392,opus_gemm_gfx942_splitk_em3en4_lds1_pgr2_256x128x96x128_2x2_16x16x16_0x0x0,0.0001,103.94,314.69
gfx942,80,3520,512,7168,False,torch.bfloat16,torch.bfloat16,False,False,opus,10216,8,216.6219,opus_gemm_gfx942_splitk_quad_mfma32_bf16ws_256x256x256x32_2x2_32x32x8_6x0x0,0.0123,119.27,283.48
gfx942,80,3520,1024,7168,False,torch.bfloat16,torch.bfloat16,False,False,opus,10006,0,400.1568,opus_gemm_gfx942_quad_mfma32_256x256x256x32_2x2_32x32x8_0x0x0,0.0,129.13,180.81
gfx942,80,3520,2048,7168,False,torch.bfloat16,torch.bfloat16,False,False,opus,10216,2,628.9321,opus_gemm_gfx942_splitk_quad_mfma32_bf16ws_256x256x256x32_2x2_32x32x8_6x0x0,0.0063,164.32,149.84
gfx942,80,3520,4096,256,False,torch.bfloat16,torch.bfloat16,False,False,opus,10000,0,91.8616,opus_gemm_gfx942_512x128x128x64_2x4_16x16x16_0x0x0,0.0,80.36,356.35
gfx942,80,3520,4096,1024,False,torch.bfloat16,torch.bfloat16,False,False,opus,10006,0,220.4428,opus_gemm_gfx942_quad_mfma32_256x256x256x32_2x2_32x32x8_0x0x0,0.0,133.95,201.56
gfx942,80,3520,4096,2048,False,torch.bfloat16,torch.bfloat16,False,False,opus,10006,0,393.9687,opus_gemm_gfx942_quad_mfma32_256x256x256x32_2x2_32x32x8_0x0x0,0.0,149.9,152.37
gfx942,80,3520,4096,4096,False,torch.bfloat16,torch.bfloat16,False,False,opus,10006,0,696.8059,opus_gemm_gfx942_quad_mfma32_256x256x256x32_2x2_32x32x8_0x0x0,0.0,169.5,130.92
gfx942,80,3520,8192,1024,False,torch.bfloat16,torch.bfloat16,False,False,opus,10006,0,409.458,opus_gemm_gfx942_quad_mfma32_256x256x256x32_2x2_32x32x8_0x0x0,0.0,144.23,199.43
gfx942,80,3520,32320,4096,False,torch.bfloat16,torch.bfloat16,False,False,opus,10006,0,5139.6314,opus_gemm_gfx942_quad_mfma32_256x256x256x32_2x2_32x32x8_0x0x0,0.0,181.33,101.4
gfx942,80,3584,384,7168,False,torch.bfloat16,torch.bfloat16,False,False,opus,10204,2,186.6199,opus_gemm_gfx942_splitk_em3en4_lds1_pgr2_256x128x96x128_2x2_16x16x16_0x0x0,0.0,105.72,319.57
gfx942,80,3584,512,7168,False,torch.bfloat16,torch.bfloat16,False,False,opus,10216,8,195.8373,opus_gemm_gfx942_splitk_quad_mfma32_bf16ws_256x256x256x32_2x2_32x32x8_6x0x0,0.0121,134.33,318.58
gfx942,80,3584,1024,7168,False,torch.bfloat16,torch.bfloat16,False,False,opus,10216,4,337.9271,opus_gemm_gfx942_splitk_quad_mfma32_bf16ws_256x256x256x32_2x2_32x32x8_6x0x0,0.0104,155.69,217.21
gfx942,80,3584,2048,7168,False,torch.bfloat16,torch.bfloat16,False,False,opus,10216,2,614.9981,opus_gemm_gfx942_splitk_quad_mfma32_bf16ws_256x256x256x32_2x2_32x32x8_6x0x0,0.0063,171.1,155.16
gfx942,80,3584,4096,256,False,torch.bfloat16,torch.bfloat16,False,False,opus,10006,0,75.5953,opus_gemm_gfx942_quad_mfma32_256x256x256x32_2x2_32x32x8_0x0x0,0.0,99.43,440.4
gfx942,80,3584,4096,1024,False,torch.bfloat16,torch.bfloat16,False,False,opus,10006,0,199.1297,opus_gemm_gfx942_quad_mfma32_256x256x256x32_2x2_32x32x8_0x0x0,0.0,150.98,226.43
gfx942,80,3584,4096,2048,False,torch.bfloat16,torch.bfloat16,False,False,opus,10006,0,371.0955,opus_gemm_gfx942_quad_mfma32_256x256x256x32_2x2_32x32x8_0x0x0,0.0,162.03,163.89
gfx942,80,3584,4096,4096,False,torch.bfloat16,torch.bfloat16,False,False,opus,10006,0,675.2664,opus_gemm_gfx942_quad_mfma32_256x256x256x32_2x2_32x32x8_0x0x0,0.0,178.09,136.65
gfx942,80,3584,8192,1024,False,torch.bfloat16,torch.bfloat16,False,False,opus,10006,0,386.1616,opus_gemm_gfx942_quad_mfma32_256x256x256x32_2x2_32x32x8_0x0x0,0.0,155.71,214.52
gfx942,80,3584,32320,4096,False,torch.bfloat16,torch.bfloat16,False,False,opus,10006,0,5134.0229,opus_gemm_gfx942_quad_mfma32_256x256x256x32_2x2_32x32x8_0x0x0,0.0,184.83,102.41
gfx942,80,3648,384,7168,False,torch.bfloat16,torch.bfloat16,False,False,opus,10204,2,187.0797,opus_gemm_gfx942_splitk_em3en4_lds1_pgr2_256x128x96x128_2x2_16x16x16_0x0x0,0.0001,107.35,323.95
gfx942,80,3648,512,7168,False,torch.bfloat16,torch.bfloat16,False,False,opus,10216,8,199.0806,opus_gemm_gfx942_splitk_quad_mfma32_bf16ws_256x256x256x32_2x2_32x32x8_6x0x0,0.0121,134.5,318.33
gfx942,80,3648,1024,7168,False,torch.bfloat16,torch.bfloat16,False,False,opus,10216,4,345.6732,opus_gemm_gfx942_splitk_quad_mfma32_bf16ws_256x256x256x32_2x2_32x32x8_6x0x0,0.0104,154.92,215.37
gfx942,80,3648,2048,7168,False,torch.bfloat16,torch.bfloat16,False,False,opus,10216,2,618.5369,opus_gemm_gfx942_splitk_quad_mfma32_bf16ws_256x256x256x32_2x2_32x32x8_6x0x0,0.0063,173.16,156.18
gfx942,80,3648,4096,256,False,torch.bfloat16,torch.bfloat16,False,False,opus,10006,0,81.9719,opus_gemm_gfx942_quad_mfma32_256x256x256x32_2x2_32x32x8_0x0x0,0.0,93.33,412.94
gfx942,80,3648,4096,1024,False,torch.bfloat16,torch.bfloat16,False,False,opus,10006,0,206.7526,opus_gemm_gfx942_quad_mfma32_256x256x256x32_2x2_32x32x8_0x0x0,0.0,148.01,221.25
gfx942,80,3648,4096,2048,False,torch.bfloat16,torch.bfloat16,False,False,opus,10006,0,380.9499,opus_gemm_gfx942_quad_mfma32_256x256x256x32_2x2_32x32x8_0x0x0,0.0,160.66,161.71
gfx942,80,3648,4096,4096,False,torch.bfloat16,torch.bfloat16,False,False,opus,10006,0,704.1475,opus_gemm_gfx942_quad_mfma32_256x256x256x32_2x2_32x32x8_0x0x0,0.0,173.84,132.53
gfx942,80,3648,8192,1024,False,torch.bfloat16,torch.bfloat16,False,False,opus,10006,0,394.0319,opus_gemm_gfx942_quad_mfma32_256x256x256x32_2x2_32x32x8_0x0x0,0.0,155.33,213.22
gfx942,80,3648,32320,4096,False,torch.bfloat16,torch.bfloat16,False,False,opus,10006,0,5513.521,opus_gemm_gfx942_quad_mfma32_256x256x256x32_2x2_32x32x8_0x0x0,0.0,175.18,96.21
gfx942,80,3712,384,7168,False,torch.bfloat16,torch.bfloat16,False,False,opus,10204,2,187.358,opus_gemm_gfx942_splitk_em3en4_lds1_pgr2_256x128x96x128_2x2_16x16x16_0x0x0,0.0001,109.07,328.63
gfx942,80,3712,512,7168,False,torch.bfloat16,torch.bfloat16,False,False,opus,10216,8,208.5586,opus_gemm_gfx942_splitk_quad_mfma32_bf16ws_256x256x256x32_2x2_32x32x8_6x0x0,0.0123,130.64,308.58
gfx942,80,3712,1024,7168,False,torch.bfloat16,torch.bfloat16,False,False,opus,10216,4,356.4973,opus_gemm_gfx942_splitk_quad_mfma32_bf16ws_256x256x256x32_2x2_32x32x8_6x0x0,0.0105,152.86,211.78
gfx942,80,3712,2048,7168,False,torch.bfloat16,torch.bfloat16,False,False,opus,10216,2,628.3657,opus_gemm_gfx942_splitk_quad_mfma32_bf16ws_256x256x256x32_2x2_32x32x8_6x0x0,0.0063,173.44,155.61
gfx942,80,3712,4096,256,False,torch.bfloat16,torch.bfloat16,False,False,opus,10006,0,90.2198,opus_gemm_gfx942_quad_mfma32_256x256x256x32_2x2_32x32x8_0x0x0,0.0,86.29,381.36
gfx942,80,3712,4096,1024,False,torch.bfloat16,torch.bfloat16,False,False,opus,10006,0,214.5258,opus_gemm_gfx942_quad_mfma32_256x256x256x32_2x2_32x32x8_0x0x0,0.0,145.15,216.29
gfx942,80,3712,4096,2048,False,torch.bfloat16,torch.bfloat16,False,False,opus,10006,0,390.2724,opus_gemm_gfx942_quad_mfma32_256x256x256x32_2x2_32x32x8_0x0x0,0.0,159.57,159.86
gfx942,80,3712,4096,4096,False,torch.bfloat16,torch.bfloat16,False,False,opus,10006,0,714.4875,opus_gemm_gfx942_quad_mfma32_256x256x256x32_2x2_32x32x8_0x0x0,0.0,174.33,132.08
gfx942,80,3712,8192,1024,False,torch.bfloat16,torch.bfloat16,False,False,opus,10006,0,404.0492,opus_gemm_gfx942_quad_mfma32_256x256x256x32_2x2_32x32x8_0x0x0,0.0,154.13,210.86
gfx942,80,3712,32320,4096,False,torch.bfloat16,torch.bfloat16,False,False,opus,10006,0,5473.278,opus_gemm_gfx942_quad_mfma32_256x256x256x32_2x2_32x32x8_0x0x0,0.0,179.57,97.77
gfx942,80,3776,384,7168,False,torch.bfloat16,torch.bfloat16,False,False,opus,10204,2,188.0632,opus_gemm_gfx942_splitk_em3en4_lds1_pgr2_256x128x96x128_2x2_16x16x16_0x0x0,0.0001,110.53,332.54
gfx942,80,3776,512,7168,False,torch.bfloat16,torch.bfloat16,False,False,opus,10216,2,233.8395,opus_gemm_gfx942_splitk_quad_mfma32_bf16ws_256x256x256x32_2x2_32x32x8_6x0x0,0.0062,118.53,279.42
gfx942,80,3776,1024,7168,False,torch.bfloat16,torch.bfloat16,False,False,opus,10216,6,404.8738,opus_gemm_gfx942_splitk_quad_mfma32_bf16ws_256x256x256x32_2x2_32x32x8_6x0x0,0.0118,136.91,189.06
gfx942,80,3776,2048,7168,False,torch.bfloat16,torch.bfloat16,False,False,opus,10216,2,639.0014,opus_gemm_gfx942_splitk_quad_mfma32_bf16ws_256x256x256x32_2x2_32x32x8_6x0x0,0.0062,173.5,154.87
gfx942,80,3776,4096,256,False,torch.bfloat16,torch.bfloat16,False,False,opus,10000,0,97.4096,opus_gemm_gfx942_512x128x128x64_2x4_16x16x16_0x0x0,0.0,81.29,358.93
gfx942,80,3776,4096,1024,False,torch.bfloat16,torch.bfloat16,False,False,opus,10006,0,222.3646,opus_gemm_gfx942_quad_mfma32_256x256x256x32_2x2_32x32x8_0x0x0,0.0,142.45,211.61
gfx942,80,3776,4096,2048,False,torch.bfloat16,torch.bfloat16,False,False,opus,10006,0,400.0413,opus_gemm_gfx942_quad_mfma32_256x256x256x32_2x2_32x32x8_0x0x0,0.0,158.36,157.93
gfx942,80,3776,4096,4096,False,torch.bfloat16,torch.bfloat16,False,False,opus,10006,0,737.0384,opus_gemm_gfx942_quad_mfma32_256x256x256x32_2x2_32x32x8_0x0x0,0.0,171.91,129.46
gfx942,80,3776,8192,1024,False,torch.bfloat16,torch.bfloat16,False,False,opus,10006,0,413.4735,opus_gemm_gfx942_quad_mfma32_256x256x256x32_2x2_32x32x8_0x0x0,0.0,153.22,208.9
gfx942,80,3776,32320,4096,False,torch.bfloat16,torch.bfloat16,False,False,opus,10006,0,5465.2584,opus_gemm_gfx942_quad_mfma32_256x256x256x32_2x2_32x32x8_0x0x0,0.0,182.93,98.77
gfx942,80,3840,384,7168,False,torch.bfloat16,torch.bfloat16,False,False,opus,10204,2,188.1997,opus_gemm_gfx942_splitk_em3en4_lds1_pgr2_256x128x96x128_2x2_16x16x16_0x0x0,0.0,112.32,337.43
gfx942,80,3840,512,7168,False,torch.bfloat16,torch.bfloat16,False,False,opus,10216,8,196.2276,opus_gemm_gfx942_splitk_quad_mfma32_bf16ws_256x256x256x32_2x2_32x32x8_6x0x0,0.0123,143.64,337.99
gfx942,80,3840,1024,7168,False,torch.bfloat16,torch.bfloat16,False,False,opus,10216,4,343.9576,opus_gemm_gfx942_splitk_quad_mfma32_bf16ws_256x256x256x32_2x2_32x32x8_6x0x0,0.0105,163.89,225.59
gfx942,80,3840,2048,7168,False,torch.bfloat16,torch.bfloat16,False,False,opus,10216,2,617.8361,opus_gemm_gfx942_splitk_quad_mfma32_bf16ws_256x256x256x32_2x2_32x32x8_6x0x0,0.0062,182.48,162.08
gfx942,80,3840,4096,256,False,torch.bfloat16,torch.bfloat16,False,False,opus,10006,0,76.9347,opus_gemm_gfx942_quad_mfma32_256x256x256x32_2x2_32x32x8_0x0x0,0.0,104.67,461.7
gfx942,80,3840,4096,1024,False,torch.bfloat16,torch.bfloat16,False,False,opus,10006,0,201.6023,opus_gemm_gfx942_quad_mfma32_256x256x256x32_2x2_32x32x8_0x0x0,0.0,159.78,236.66
gfx942,80,3840,4096,2048,False,torch.bfloat16,torch.bfloat16,False,False,opus,10006,0,384.625,opus_gemm_gfx942_quad_mfma32_256x256x256x32_2x2_32x32x8_0x0x0,0.0,167.5,166.3
gfx942,80,3840,4096,4096,False,torch.bfloat16,torch.bfloat16,False,False,opus,10006,0,699.3838,opus_gemm_gfx942_quad_mfma32_256x256x256x32_2x2_32x32x8_0x0x0,0.0,184.23,137.93
gfx942,80,3840,8192,1024,False,torch.bfloat16,torch.bfloat16,False,False,opus,10006,0,390.0456,opus_gemm_gfx942_quad_mfma32_256x256x256x32_2x2_32x32x8_0x0x0,0.0,165.17,224.48
gfx942,80,3840,32320,4096,False,torch.bfloat16,torch.bfloat16,False,False,opus,10006,0,5370.1728,opus_gemm_gfx942_quad_mfma32_256x256x256x32_2x2_32x32x8_0x0x0,0.0,189.32,101.38
gfx942,80,3904,384,7168,False,torch.bfloat16,torch.bfloat16,False,False,opus,10204,3,217.3745,opus_gemm_gfx942_splitk_em3en4_lds1_pgr2_256x128x96x128_2x2_16x16x16_0x0x0,0.0,98.87,296.59
gfx942,80,3904,512,7168,False,torch.bfloat16,torch.bfloat16,False,False,opus,10216,0,209.6458,opus_gemm_gfx942_splitk_quad_mfma32_bf16ws_256x256x256x32_2x2_32x32x8_6x0x0,0.0063,136.69,321.04
gfx942,80,3904,1024,7168,False,torch.bfloat16,torch.bfloat16,False,False,opus,10006,0,388.6966,opus_gemm_gfx942_quad_mfma32_256x256x256x32_2x2_32x32x8_0x0x0,0.0,147.44,202.33
gfx942,80,3904,2048,7168,False,torch.bfloat16,torch.bfloat16,False,False,opus,10006,0,766.6039,opus_gemm_gfx942_quad_mfma32_256x256x256x32_2x2_32x32x8_0x0x0,0.0,149.52,132.17
gfx942,80,3904,4096,256,False,torch.bfloat16,torch.bfloat16,False,False,opus,10000,0,101.2833,opus_gemm_gfx942_512x128x128x64_2x4_16x16x16_0x0x0,0.0,80.84,356.2
gfx942,80,3904,4096,1024,False,torch.bfloat16,torch.bfloat16,False,False,opus,10006,0,261.3871,opus_gemm_gfx942_quad_mfma32_256x256x256x32_2x2_32x32x8_0x0x0,0.0,125.29,185.03
gfx942,80,3904,4096,2048,False,torch.bfloat16,torch.bfloat16,False,False,opus,10006,0,481.4318,opus_gemm_gfx942_quad_mfma32_256x256x256x32_2x2_32x32x8_0x0x0,0.0,136.05,134.49
gfx942,80,3904,4096,4096,False,torch.bfloat16,torch.bfloat16,False,False,opus,10006,0,894.6894,opus_gemm_gfx942_quad_mfma32_256x256x256x32_2x2_32x32x8_0x0x0,0.0,146.42,109.0
gfx942,80,3904,8192,1024,False,torch.bfloat16,torch.bfloat16,False,False,opus,10006,0,450.0172,opus_gemm_gfx942_quad_mfma32_256x256x256x32_2x2_32x32x8_0x0x0,0.0,145.55,197.18
gfx942,80,3904,32320,4096,False,torch.bfloat16,torch.bfloat16,False,False,opus,10006,0,5786.1026,opus_gemm_gfx942_quad_mfma32_256x256x256x32_2x2_32x32x8_0x0x0,0.0,178.64,94.9
gfx942,80,3968,384,7168,False,torch.bfloat16,torch.bfloat16,False,False,opus,10204,3,218.2129,opus_gemm_gfx942_splitk_em3en4_lds1_pgr2_256x128x96x128_2x2_16x16x16_0x0x0,0.0,100.1,299.88
gfx942,80,3968,512,7168,False,torch.bfloat16,torch.bfloat16,False,False,opus,10216,0,222.2883,opus_gemm_gfx942_splitk_quad_mfma32_bf16ws_256x256x256x32_2x2_32x32x8_6x0x0,0.0062,131.02,307.21
gfx942,80,3968,1024,7168,False,torch.bfloat16,torch.bfloat16,False,False,opus,10006,0,394.0215,opus_gemm_gfx942_quad_mfma32_256x256x256x32_2x2_32x32x8_0x0x0,0.0,147.84,202.25
gfx942,80,3968,2048,7168,False,torch.bfloat16,torch.bfloat16,False,False,opus,10006,0,766.7105,opus_gemm_gfx942_quad_mfma32_256x256x256x32_2x2_32x32x8_0x0x0,0.0,151.95,133.69
gfx942,80,3968,4096,256,False,torch.bfloat16,torch.bfloat16,False,False,opus,10000,0,100.5211,opus_gemm_gfx942_512x128x128x64_2x4_16x16x16_0x0x0,0.0,82.78,364.45
gfx942,80,3968,4096,1024,False,torch.bfloat16,torch.bfloat16,False,False,opus,10006,0,269.1753,opus_gemm_gfx942_quad_mfma32_256x256x256x32_2x2_32x32x8_0x0x0,0.0,123.66,182.12
gfx942,80,3968,4096,2048,False,torch.bfloat16,torch.bfloat16,False,False,opus,10006,0,491.2008,opus_gemm_gfx942_quad_mfma32_256x256x256x32_2x2_32x32x8_0x0x0,0.0,135.53,133.42
gfx942,80,3968,4096,4096,False,torch.bfloat16,torch.bfloat16,False,False,opus,10006,0,905.7104,opus_gemm_gfx942_quad_mfma32_256x256x256x32_2x2_32x32x8_0x0x0,0.0,147.01,108.83
gfx942,80,3968,8192,1024,False,torch.bfloat16,torch.bfloat16,False,False,opus,10006,0,460.2755,opus_gemm_gfx942_quad_mfma32_256x256x256x32_2x2_32x32x8_0x0x0,0.0,144.64,195.35
gfx942,80,3968,32320,4096,False,torch.bfloat16,torch.bfloat16,False,False,opus,10006,0,5791.735,opus_gemm_gfx942_quad_mfma32_256x256x256x32_2x2_32x32x8_0x0x0,0.0,181.39,95.61
gfx942,80,4032,384,7168,False,torch.bfloat16,torch.bfloat16,False,False,opus,10204,3,218.5007,opus_gemm_gfx942_splitk_em3en4_lds1_pgr2_256x128x96x128_2x2_16x16x16_0x0x0,0.0,101.58,303.91
gfx942,80,4032,512,7168,False,torch.bfloat16,torch.bfloat16,False,False,opus,10216,0,232.6442,opus_gemm_gfx942_splitk_quad_mfma32_bf16ws_256x256x256x32_2x2_32x32x8_6x0x0,0.0063,127.21,297.76
gfx942,80,4032,1024,7168,False,torch.bfloat16,torch.bfloat16,False,False,opus,10006,0,402.6601,opus_gemm_gfx942_quad_mfma32_256x256x256x32_2x2_32x32x8_0x0x0,0.0,147.0,200.52
gfx942,80,4032,2048,7168,False,torch.bfloat16,torch.bfloat16,False,False,opus,10006,0,779.3714,opus_gemm_gfx942_quad_mfma32_256x256x256x32_2x2_32x32x8_0x0x0,0.0,151.89,133.03
gfx942,80,4032,4096,256,False,torch.bfloat16,torch.bfloat16,False,False,opus,10000,0,104.2524,opus_gemm_gfx942_512x128x128x64_2x4_16x16x16_0x0x0,0.0,81.11,356.75
gfx942,80,4032,4096,1024,False,torch.bfloat16,torch.bfloat16,False,False,opus,10006,0,277.4141,opus_gemm_gfx942_quad_mfma32_256x256x256x32_2x2_32x32x8_0x0x0,0.0,121.92,179.07
gfx942,80,4032,4096,2048,False,torch.bfloat16,torch.bfloat16,False,False,opus,10006,0,500.9088,opus_gemm_gfx942_quad_mfma32_256x256x256x32_2x2_32x32x8_0x0x0,0.0,135.05,132.4
gfx942,80,4032,4096,4096,False,torch.bfloat16,torch.bfloat16,False,False,opus,10006,0,906.7981,opus_gemm_gfx942_quad_mfma32_256x256x256x32_2x2_32x32x8_0x0x0,0.0,149.2,109.85
gfx942,80,4032,8192,1024,False,torch.bfloat16,torch.bfloat16,False,False,opus,10006,0,469.8328,opus_gemm_gfx942_quad_mfma32_256x256x256x32_2x2_32x32x8_0x0x0,0.0,143.98,193.89
gfx942,80,4032,32320,4096,False,torch.bfloat16,torch.bfloat16,False,False,opus,10006,0,5812.1947,opus_gemm_gfx942_quad_mfma32_256x256x256x32_2x2_32x32x8_0x0x0,0.0,183.67,96.08
gfx942,80,4096,64,4096,False,torch.bfloat16,torch.bfloat16,False,False,asm,6,1,44.7673,_ZN5aiter37bf16gemm_fp32bf16_tn_64x64_pf3_splitkE,0.0,47.97,772.95
gfx942,80,4096,384,7168,False,torch.bfloat16,torch.bfloat16,False,False,opus,10204,3,219.1015,opus_gemm_gfx942_splitk_em3en4_lds1_pgr2_256x128x96x128_2x2_16x16x16_0x0x0,0.0,102.91,307.49
gfx942,80,4096,512,4096,False,torch.bfloat16,torch.bfloat16,False,False,opus,10216,5,122.0248,opus_gemm_gfx942_splitk_quad_mfma32_bf16ws_256x256x256x32_2x2_32x32x8_6x0x0,0.0092,140.79,343.73
gfx942,80,4096,512,7168,False,torch.bfloat16,torch.bfloat16,False,False,opus,10216,2,213.5194,opus_gemm_gfx942_splitk_quad_mfma32_bf16ws_256x256x256x32_2x2_32x32x8_6x0x0,0.0063,140.81,329.03
gfx942,80,4096,1024,4096,False,torch.bfloat16,torch.bfloat16,False,False,opus,10006,0,225.1451,opus_gemm_gfx942_quad_mfma32_256x256x256x32_2x2_32x32x8_0x0x0,0.0,152.61,223.55
gfx942,80,4096,1024,7168,False,torch.bfloat16,torch.bfloat16,False,False,opus,10216,1,387.7792,opus_gemm_gfx942_splitk_quad_mfma32_bf16ws_256x256x256x32_2x2_32x32x8_6x0x0,0.0,155.06,210.92
gfx942,80,4096,2048,7168,False,torch.bfloat16,torch.bfloat16,False,False,opus,10006,0,756.6873,opus_gemm_gfx942_quad_mfma32_256x256x256x32_2x2_32x32x8_0x0x0,0.0,158.93,138.57
gfx942,80,4096,4096,256,False,torch.bfloat16,torch.bfloat16,False,False,opus,10006,0,97.9643,opus_gemm_gfx942_quad_mfma32_256x256x256x32_2x2_32x32x8_0x0x0,0.0,87.68,385.33
gfx942,80,4096,4096,1024,False,torch.bfloat16,torch.bfloat16,False,False,opus,10006,0,258.1088,opus_gemm_gfx942_quad_mfma32_256x256x256x32_2x2_32x32x8_0x0x0,0.0,133.12,195.0
gfx942,80,4096,4096,2048,False,torch.bfloat16,torch.bfloat16,False,False,opus,10006,0,478.7249,opus_gemm_gfx942_quad_mfma32_256x256x256x32_2x2_32x32x8_0x0x0,0.0,143.55,140.18
gfx942,80,4096,4096,4096,False,torch.bfloat16,torch.bfloat16,False,False,opus,10006,0,894.7391,opus_gemm_gfx942_quad_mfma32_256x256x256x32_2x2_32x32x8_0x0x0,0.0,153.61,112.51
gfx942,80,4096,8192,1024,False,torch.bfloat16,torch.bfloat16,False,False,opus,10006,0,448.5341,opus_gemm_gfx942_quad_mfma32_256x256x256x32_2x2_32x32x8_0x0x0,0.0,153.21,205.73
gfx942,80,4096,32320,4096,False,torch.bfloat16,torch.bfloat16,False,False,opus,10006,0,5791.8105,opus_gemm_gfx942_quad_mfma32_256x256x256x32_2x2_32x32x8_0x0x0,0.0,187.24,97.22
gfx942,80,7680,2048,4096,False,torch.bfloat16,torch.bfloat16,False,False,opus,10216,0,693.9949,opus_gemm_gfx942_splitk_quad_mfma32_bf16ws_256x256x256x32_2x2_32x32x8_6x0x0,0.0,185.66,160.16
gfx942,304,1,4096,2048,False,torch.bfloat16,torch.bfloat16,False,False,asm,1,4,8.9135,_ZN5aiter39bf16gemm_fp32bf16_tn_32x64_splitk_cleanE,0.0081,1.88,1883.6
gfx942,304,1,4096,4096,False,torch.bfloat16,torch.bfloat16,False,False,opus,10300,0,12.7659,opus_gemm_gfx942_wkc_512x16x16x64_1x1_16x16x16_0x0x0,0.0,2.63,2629.73
gfx942,304,2,4096,2048,False,torch.bfloat16,torch.bfloat16,False,False,asm,1,4,9.189,_ZN5aiter39bf16gemm_fp32bf16_tn_32x64_splitk_cleanE,0.0078,3.65,1828.47
gfx942,304,2,4096,4096,False,torch.bfloat16,torch.bfloat16,False,False,opus,10300,0,12.9283,opus_gemm_gfx942_wkc_512x16x16x64_1x1_16x16x16_0x0x0,0.0,5.19,2597.96
gfx942,304,4,4096,2048,False,torch.bfloat16,torch.bfloat16,False,False,asm,3,4,9.4114,_ZN5aiter39bf16gemm_fp32bf16_tn_48x64_splitk_cleanE,0.0091,7.13,1787.87
gfx942,304,4,4096,4096,False,torch.bfloat16,torch.bfloat16,False,False,opus,10300,0,13.2175,opus_gemm_gfx942_wkc_512x16x16x64_1x1_16x16x16_0x0x0,0.0,10.15,2543.6
gfx942,304,8,4096,2048,False,torch.bfloat16,torch.bfloat16,False,False,asm,1,4,9.625,_ZN5aiter39bf16gemm_fp32bf16_tn_32x64_splitk_cleanE,0.0091,13.94,1753.3
gfx942,304,8,4096,4096,False,torch.bfloat16,torch.bfloat16,False,False,opus,10300,0,13.3912,opus_gemm_gfx942_wkc_512x16x16x64_1x1_16x16x16_0x0x0,0.0,20.05,2515.5
gfx942,304,16,4096,2048,False,torch.bfloat16,torch.bfloat16,False,False,asm,1,4,10.5275,_ZN5aiter39bf16gemm_fp32bf16_tn_32x64_splitk_cleanE,0.0088,25.5,1612.33
gfx942,304,16,4096,4096,False,torch.bfloat16,torch.bfloat16,False,False,opus,10300,0,13.6204,opus_gemm_gfx942_wkc_512x16x16x64_1x1_16x16x16_0x0x0,0.0,39.42,2482.79
gfx942,304,32,4096,2048,False,torch.bfloat16,torch.bfloat16,False,False,asm,1,4,11.5344,_ZN5aiter39bf16gemm_fp32bf16_tn_32x64_splitk_cleanE,0.009,46.55,1488.63
gfx942,304,32,4096,4096,False,torch.bfloat16,torch.bfloat16,False,False,opus,10302,0,15.3552,opus_gemm_gfx942_wkc_512x32x16x64_1x1_16x16x16_0x0x0,0.0,69.93,2219.36
gfx942,304,48,4096,2048,False,torch.bfloat16,torch.bfloat16,False,False,asm,3,4,12.1654,_ZN5aiter39bf16gemm_fp32bf16_tn_48x64_splitk_cleanE,0.009,66.2,1427.58
gfx942,304,48,4096,4096,False,torch.bfloat16,torch.bfloat16,False,False,asm,3,3,17.6426,_ZN5aiter39bf16gemm_fp32bf16_tn_48x64_splitk_cleanE,0.009,91.29,1946.47
gfx942,304,64,4096,2048,False,torch.bfloat16,torch.bfloat16,False,False,asm,3,2,12.8728,_ZN5aiter39bf16gemm_fp32bf16_tn_48x64_splitk_cleanE,0.0033,83.41,1364.4
gfx942,304,64,4096,4096,False,torch.bfloat16,torch.bfloat16,False,False,asm,5,3,18.8019,_ZN5aiter39bf16gemm_fp32bf16_tn_64x64_splitk_cleanE,0.0089,114.22,1840.4
gfx942,304,80,4096,2048,False,torch.bfloat16,torch.bfloat16,False,False,asm,7,4,13.205,_ZN5aiter39bf16gemm_fp32bf16_tn_80x64_splitk_cleanE,0.009,101.64,1344.96
gfx942,304,80,4096,4096,False,torch.bfloat16,torch.bfloat16,False,False,asm,7,4,20.3378,_ZN5aiter39bf16gemm_fp32bf16_tn_80x64_splitk_cleanE,0.0119,131.99,1714.3
gfx942,304,96,4096,2048,False,torch.bfloat16,torch.bfloat16,False,False,asm,8,4,14.2124,_ZN5aiter39bf16gemm_fp32bf16_tn_96x64_splitk_cleanE,0.0089,113.32,1263.46
gfx942,304,96,4096,4096,False,torch.bfloat16,torch.bfloat16,False,False,asm,8,4,22.5163,_ZN5aiter39bf16gemm_fp32bf16_tn_96x64_splitk_cleanE,0.0119,143.06,1560.08
gfx942,304,112,4096,2048,False,torch.bfloat16,torch.bfloat16,False,False,asm,5,2,14.9153,_ZN5aiter39bf16gemm_fp32bf16_tn_64x64_splitk_cleanE,0.0034,125.98,1217.1
gfx942,304,112,4096,4096,False,torch.bfloat16,torch.bfloat16,False,False,asm,5,2,25.1041,_ZN5aiter39bf16gemm_fp32bf16_tn_64x64_splitk_cleanE,0.0049,149.7,1409.71
gfx942,304,128,4096,2048,False,torch.bfloat16,torch.bfloat16,False,False,asm,5,2,15.4792,_ZN5aiter39bf16gemm_fp32bf16_tn_64x64_splitk_cleanE,0.0034,138.73,1185.47
gfx942,304,128,4096,4096,False,torch.bfloat16,torch.bfloat16,False,False,asm,5,2,26.2259,_ZN5aiter39bf16gemm_fp32bf16_tn_64x64_splitk_cleanE,0.0049,163.77,1359.4
gfx942,304,144,4096,2048,False,torch.bfloat16,torch.bfloat16,False,False,asm,7,2,17.759,_ZN5aiter39bf16gemm_fp32bf16_tn_80x64_splitk_cleanE,0.0034,136.04,1044.35
gfx942,304,144,4096,4096,False,torch.bfloat16,torch.bfloat16,False,False,asm,7,2,29.3935,_ZN5aiter39bf16gemm_fp32bf16_tn_80x64_splitk_cleanE,0.005,164.38,1221.83
gfx942,304,160,4096,2048,False,torch.bfloat16,torch.bfloat16,False,False,asm,7,2,18.5992,_ZN5aiter39bf16gemm_fp32bf16_tn_80x64_splitk_cleanE,0.0034,144.33,1007.75
gfx942,304,160,4096,4096,False,torch.bfloat16,torch.bfloat16,False,False,asm,7,2,30.8144,_ZN5aiter39bf16gemm_fp32bf16_tn_80x64_splitk_cleanE,0.0049,174.23,1173.99
gfx942,304,176,4096,2048,False,torch.bfloat16,torch.bfloat16,False,False,asm,4,1,19.6443,_ZN5aiter37bf16gemm_fp32bf16_tn_48x64_pf3_splitkE,0.0,150.31,964.14
gfx942,304,176,4096,4096,False,torch.bfloat16,torch.bfloat16,False,False,asm,8,2,32.9169,_ZN5aiter39bf16gemm_fp32bf16_tn_96x64_splitk_cleanE,0.0049,179.41,1106.97
gfx942,304,192,4096,2048,False,torch.bfloat16,torch.bfloat16,False,False,asm,4,1,20.0751,_ZN5aiter37bf16gemm_fp32bf16_tn_48x64_pf3_splitkE,0.0,160.46,953.25
gfx942,304,192,4096,4096,False,torch.bfloat16,torch.bfloat16,False,False,asm,8,2,34.497,_ZN5aiter39bf16gemm_fp32bf16_tn_96x64_splitk_cleanE,0.0049,186.75,1063.87
gfx942,304,208,4096,2048,False,torch.bfloat16,torch.bfloat16,False,False,asm,6,1,20.2507,_ZN5aiter37bf16gemm_fp32bf16_tn_64x64_pf3_splitkE,0.0,172.32,954.69
gfx942,304,208,4096,4096,False,torch.bfloat16,torch.bfloat16,False,False,asm,6,1,35.0427,_ZN5aiter37bf16gemm_fp32bf16_tn_64x64_pf3_splitkE,0.0,199.17,1054.78
gfx942,304,224,4096,2048,False,torch.bfloat16,torch.bfloat16,False,False,asm,6,1,21.3045,_ZN5aiter37bf16gemm_fp32bf16_tn_64x64_pf3_splitkE,0.0,176.4,916.69
gfx942,304,224,4096,4096,False,torch.bfloat16,torch.bfloat16,False,False,asm,6,1,35.7634,_ZN5aiter37bf16gemm_fp32bf16_tn_64x64_pf3_splitkE,0.0,210.16,1040.85
gfx942,304,240,4096,2048,False,torch.bfloat16,torch.bfloat16,False,False,asm,6,1,22.0134,_ZN5aiter37bf16gemm_fp32bf16_tn_64x64_pf3_splitkE,0.0,182.91,896.11
gfx942,304,240,4096,4096,False,torch.bfloat16,torch.bfloat16,False,False,asm,6,1,37.009,_ZN5aiter37bf16gemm_fp32bf16_tn_64x64_pf3_splitkE,0.0,217.6,1012.9
gfx942,304,256,4096,2048,False,torch.bfloat16,torch.bfloat16,False,False,asm,6,1,22.7133,_ZN5aiter37bf16gemm_fp32bf16_tn_64x64_pf3_splitkE,0.0,189.09,877.15
gfx942,304,256,4096,4096,False,torch.bfloat16,torch.bfloat16,False,False,opus,10204,3,39.5631,opus_gemm_gfx942_splitk_em3en4_lds1_pgr2_256x128x96x128_2x2_16x16x16_0x0x0,0.0003,217.12,954.14
gfx942,304,288,4096,2048,False,torch.bfloat16,torch.bfloat16,False,False,opus,10003,0,24.1661,opus_gemm_gfx942_p1_bk128_256x64x64x128_2x2_16x16x16_0x0x0,0.0,199.94,840.69
gfx942,304,288,4096,4096,False,torch.bfloat16,torch.bfloat16,False,False,opus,10200,3,44.0633,opus_gemm_gfx942_splitk_legacy_512x128x128x64_2x4_16x16x16_0x0x0,0.0,219.31,868.59
gfx942,304,320,4096,2048,False,torch.bfloat16,torch.bfloat16,False,False,opus,10001,0,25.4792,opus_gemm_gfx942_p1_256x64x64x64_2x2_16x16x16_0x0x0,0.0,210.71,812.8
gfx942,304,320,4096,4096,False,torch.bfloat16,torch.bfloat16,False,False,opus,10200,3,45.3671,opus_gemm_gfx942_splitk_legacy_512x128x128x64_2x4_16x16x16_0x0x0,0.0,236.68,855.19
gfx942,304,352,4096,2048,False,torch.bfloat16,torch.bfloat16,False,False,opus,10003,0,27.0506,opus_gemm_gfx942_p1_bk128_256x64x64x128_2x2_16x16x16_0x0x0,0.0,218.32,780.12
gfx942,304,352,4096,4096,False,torch.bfloat16,torch.bfloat16,False,False,opus,10200,3,46.5256,opus_gemm_gfx942_splitk_legacy_512x128x128x64_2x4_16x16x16_0x0x0,0.0,253.86,845.16
gfx942,304,384,4096,2048,False,torch.bfloat16,torch.bfloat16,False,False,opus,10001,0,28.3669,opus_gemm_gfx942_p1_256x64x64x64_2x2_16x16x16_0x0x0,0.0,227.11,757.78
gfx942,304,384,4096,4096,False,torch.bfloat16,torch.bfloat16,False,False,opus,10204,2,50.0988,opus_gemm_gfx942_splitk_em3en4_lds1_pgr2_256x128x96x128_2x2_16x16x16_0x0x0,0.0004,257.19,795.35
gfx942,304,416,4096,2048,False,torch.bfloat16,torch.bfloat16,False,False,opus,10001,0,28.9597,opus_gemm_gfx942_p1_256x64x64x64_2x2_16x16x16_0x0x0,0.0,241.0,755.84
gfx942,304,416,4096,4096,False,torch.bfloat16,torch.bfloat16,False,False,opus,10001,0,56.3448,opus_gemm_gfx942_p1_256x64x64x64_2x2_16x16x16_0x0x0,0.0,247.74,716.48
gfx942,304,448,4096,2048,False,torch.bfloat16,torch.bfloat16,False,False,opus,10003,0,29.633,opus_gemm_gfx942_p1_bk128_256x64x64x128_2x2_16x16x16_0x0x0,0.0,253.64,751.94
gfx942,304,448,4096,4096,False,torch.bfloat16,torch.bfloat16,False,False,opus,10003,0,56.5472,opus_gemm_gfx942_p1_bk128_256x64x64x128_2x2_16x16x16_0x0x0,0.0,265.84,723.19
gfx942,304,480,4096,2048,False,torch.bfloat16,torch.bfloat16,False,False,opus,10003,0,31.5316,opus_gemm_gfx942_p1_bk128_256x64x64x128_2x2_16x16x16_0x0x0,0.0,255.4,719.13
gfx942,304,480,4096,4096,False,torch.bfloat16,torch.bfloat16,False,False,opus,10003,0,58.8081,opus_gemm_gfx942_p1_bk128_256x64x64x128_2x2_16x16x16_0x0x0,0.0,273.88,704.3
gfx942,304,512,4096,2048,False,torch.bfloat16,torch.bfloat16,False,False,opus,10001,0,31.9562,opus_gemm_gfx942_p1_256x64x64x64_2x2_16x16x16_0x0x0,0.0,268.8,721.88
gfx942,304,512,4096,4096,False,torch.bfloat16,torch.bfloat16,False,False,opus,10003,0,58.7559,opus_gemm_gfx942_p1_bk128_256x64x64x128_2x2_16x16x16_0x0x0,0.0,292.39,713.85
gfx942,304,544,4096,2048,False,torch.bfloat16,torch.bfloat16,False,False,opus,10003,0,34.8712,opus_gemm_gfx942_p1_bk128_256x64x64x128_2x2_16x16x16_0x0x0,0.0,261.73,672.82
gfx942,304,544,4096,4096,False,torch.bfloat16,torch.bfloat16,False,False,opus,10003,0,63.6887,opus_gemm_gfx942_p1_bk128_256x64x64x128_2x2_16x16x16_0x0x0,0.0,286.61,666.8
gfx942,304,576,4096,2048,False,torch.bfloat16,torch.bfloat16,False,False,opus,10001,0,35.6259,opus_gemm_gfx942_p1_256x64x64x64_2x2_16x16x16_0x0x0,0.0,271.25,669.6
gfx942,304,576,4096,4096,False,torch.bfloat16,torch.bfloat16,False,False,opus,10001,0,64.3173,opus_gemm_gfx942_p1_256x64x64x64_2x2_16x16x16_0x0x0,0.0,300.5,668.43
gfx942,304,608,4096,2048,False,torch.bfloat16,torch.bfloat16,False,False,opus,10000,0,41.4509,opus_gemm_gfx942_512x128x128x64_2x4_16x16x16_0x0x0,0.0,246.09,584.99
gfx942,304,608,4096,4096,False,torch.bfloat16,torch.bfloat16,False,False,opus,10204,1,79.0882,opus_gemm_gfx942_splitk_em3en4_lds1_pgr2_256x128x96x128_2x2_16x16x16_0x0x0,0.0001,257.95,550.22
gfx942,304,640,4096,2048,False,torch.bfloat16,torch.bfloat16,False,False,opus,10000,0,42.9313,opus_gemm_gfx942_512x128x128x64_2x4_16x16x16_0x0x0,0.0,250.11,573.98
gfx942,304,640,4096,4096,False,torch.bfloat16,torch.bfloat16,False,False,triton,0,0,79.0636,auto,0.0,271.61,557.02
gfx942,304,672,4096,2048,False,torch.bfloat16,torch.bfloat16,False,False,opus,10000,0,41.4637,opus_gemm_gfx942_512x128x128x64_2x4_16x16x16_0x0x0,0.0,271.91,603.78
gfx942,304,672,4096,4096,False,torch.bfloat16,torch.bfloat16,False,False,opus,10000,0,79.539,opus_gemm_gfx942_512x128x128x64_2x4_16x16x16_0x0x0,0.0,283.49,560.28
gfx942,304,704,4096,2048,False,torch.bfloat16,torch.bfloat16,False,False,opus,10000,0,42.2972,opus_gemm_gfx942_512x128x128x64_2x4_16x16x16_0x0x0,0.0,279.24,601.17
gfx942,304,704,4096,4096,False,torch.bfloat16,torch.bfloat16,False,False,opus,10000,0,79.5171,opus_gemm_gfx942_512x128x128x64_2x4_16x16x16_0x0x0,0.0,297.07,567.03
gfx942,304,736,4096,2048,False,torch.bfloat16,torch.bfloat16,False,False,opus,10000,0,43.4334,opus_gemm_gfx942_512x128x128x64_2x4_16x16x16_0x0x0,0.0,284.3,594.5
gfx942,304,736,4096,4096,False,torch.bfloat16,torch.bfloat16,False,False,opus,10000,0,84.1524,opus_gemm_gfx942_512x128x128x64_2x4_16x16x16_0x0x0,0.0,293.47,542.03
gfx942,304,768,4096,2048,False,torch.bfloat16,torch.bfloat16,False,False,opus,10000,0,44.4835,opus_gemm_gfx942_512x128x128x64_2x4_16x16x16_0x0x0,0.0,289.66,589.31
gfx942,304,768,4096,4096,False,torch.bfloat16,torch.bfloat16,False,False,triton,0,0,84.438,auto,0.0,305.19,546.4
gfx942,304,800,4096,2048,False,torch.bfloat16,torch.bfloat16,False,False,opus,10000,0,44.1996,opus_gemm_gfx942_512x128x128x64_2x4_16x16x16_0x0x0,0.0,303.66,601.99
gfx942,304,800,4096,4096,False,torch.bfloat16,torch.bfloat16,False,False,opus,10000,0,82.2256,opus_gemm_gfx942_512x128x128x64_2x4_16x16x16_0x0x0,0.0,326.46,567.48
gfx942,304,832,4096,2048,False,torch.bfloat16,torch.bfloat16,False,False,opus,10000,0,44.8198,opus_gemm_gfx942_512x128x128x64_2x4_16x16x16_0x0x0,0.0,311.44,602.43
gfx942,304,832,4096,4096,False,torch.bfloat16,torch.bfloat16,False,False,opus,10000,0,82.6089,opus_gemm_gfx942_512x128x128x64_2x4_16x16x16_0x0x0,0.0,337.95,571.2
gfx942,304,864,4096,2048,False,torch.bfloat16,torch.bfloat16,False,False,opus,10000,0,46.1842,opus_gemm_gfx942_512x128x128x64_2x4_16x16x16_0x0x0,0.0,313.86,593.15
gfx942,304,864,4096,4096,False,torch.bfloat16,torch.bfloat16,False,False,opus,10000,0,84.5169,opus_gemm_gfx942_512x128x128x64_2x4_16x16x16_0x0x0,0.0,343.02,564.5
gfx942,304,896,4096,2048,False,torch.bfloat16,torch.bfloat16,False,False,opus,10000,0,47.6056,opus_gemm_gfx942_512x128x128x64_2x4_16x16x16_0x0x0,0.0,315.77,583.7
gfx942,304,896,4096,4096,False,torch.bfloat16,torch.bfloat16,False,False,opus,10000,0,88.536,opus_gemm_gfx942_512x128x128x64_2x4_16x16x16_0x0x0,0.0,339.58,544.8
gfx942,304,928,4096,2048,False,torch.bfloat16,torch.bfloat16,False,False,opus,10000,0,45.7744,opus_gemm_gfx942_512x128x128x64_2x4_16x16x16_0x0x0,0.0,340.13,615.64
gfx942,304,928,4096,4096,False,torch.bfloat16,torch.bfloat16,False,False,opus,10000,0,87.0597,opus_gemm_gfx942_512x128x128x64_2x4_16x16x16_0x0x0,0.0,357.67,560.06
gfx942,304,960,4096,2048,False,torch.bfloat16,torch.bfloat16,False,False,opus,10000,0,46.5101,opus_gemm_gfx942_512x128x128x64_2x4_16x16x16_0x0x0,0.0,346.29,614.35
gfx942,304,960,4096,4096,False,torch.bfloat16,torch.bfloat16,False,False,opus,10000,0,88.0799,opus_gemm_gfx942_512x128x128x64_2x4_16x16x16_0x0x0,0.0,365.72,559.53
gfx942,304,992,4096,2048,False,torch.bfloat16,torch.bfloat16,False,False,opus,10000,0,49.0919,opus_gemm_gfx942_512x128x128x64_2x4_16x16x16_0x0x0,0.0,339.02,590.05
gfx942,304,992,4096,4096,False,torch.bfloat16,torch.bfloat16,False,False,opus,10000,0,88.6845,opus_gemm_gfx942_512x128x128x64_2x4_16x16x16_0x0x0,0.0,375.33,561.62
gfx942,304,1024,4096,2048,False,torch.bfloat16,torch.bfloat16,False,False,opus,10000,0,49.825,opus_gemm_gfx942_512x128x128x64_2x4_16x16x16_0x0x0,0.0,344.8,589.26
gfx942,304,1024,4096,4096,False,torch.bfloat16,torch.bfloat16,False,False,opus,10000,0,92.4459,opus_gemm_gfx942_512x128x128x64_2x4_16x16x16_0x0x0,0.0,371.67,544.44
gfx942,304,1088,4096,2048,False,torch.bfloat16,torch.bfloat16,False,False,opus,10000,0,47.7923,opus_gemm_gfx942_512x128x128x64_2x4_16x16x16_0x0x0,0.0,381.94,630.78
gfx942,304,1088,4096,4096,False,torch.bfloat16,torch.bfloat16,False,False,opus,10000,0,90.3554,opus_gemm_gfx942_512x128x128x64_2x4_16x16x16_0x0x0,0.0,404.04,568.65
gfx942,304,1152,4096,2048,False,torch.bfloat16,torch.bfloat16,False,False,opus,10000,0,51.3532,opus_gemm_gfx942_512x128x128x64_2x4_16x16x16_0x0x0,0.0,376.36,602.36
gfx942,304,1152,4096,4096,False,torch.bfloat16,torch.bfloat16,False,False,opus,10000,0,95.2212,opus_gemm_gfx942_512x128x128x64_2x4_16x16x16_0x0x0,0.0,405.95,550.6
gfx942,304,1216,4096,2048,False,torch.bfloat16,torch.bfloat16,False,False,opus,10003,0,69.5897,opus_gemm_gfx942_p1_bk128_256x64x64x128_2x2_16x16x16_0x0x0,0.0,293.16,455.81
gfx942,304,1216,4096,4096,False,torch.bfloat16,torch.bfloat16,False,False,opus,10003,0,124.7845,opus_gemm_gfx942_p1_bk128_256x64x64x128_2x2_16x16x16_0x0x0,0.0,326.98,428.56
gfx942,304,1280,4096,2048,False,torch.bfloat16,torch.bfloat16,False,False,opus,10001,0,78.7785,opus_gemm_gfx942_p1_256x64x64x64_2x2_16x16x16_0x0x0,0.0,272.6,412.62
gfx942,304,1280,4096,4096,False,torch.bfloat16,torch.bfloat16,False,False,opus,10003,0,145.7205,opus_gemm_gfx942_p1_bk128_256x64x64x128_2x2_16x16x16_0x0x0,0.0,294.74,374.18
gfx942,304,1344,4096,2048,False,torch.bfloat16,torch.bfloat16,False,False,opus,10000,0,80.6137,opus_gemm_gfx942_512x128x128x64_2x4_16x16x16_0x0x0,0.0,279.71,412.99
gfx942,304,1344,4096,4096,False,torch.bfloat16,torch.bfloat16,False,False,opus,10003,0,150.7885,opus_gemm_gfx942_p1_bk128_256x64x64x128_2x2_16x16x16_0x0x0,0.0,299.08,368.56
gfx942,304,1408,4096,2048,False,torch.bfloat16,torch.bfloat16,False,False,opus,10003,0,81.7514,opus_gemm_gfx942_p1_bk128_256x64x64x128_2x2_16x16x16_0x0x0,0.0,288.95,416.86
gfx942,304,1408,4096,4096,False,torch.bfloat16,torch.bfloat16,False,False,opus,10003,0,151.611,opus_gemm_gfx942_p1_bk128_256x64x64x128_2x2_16x16x16_0x0x0,0.0,311.62,373.48
gfx942,304,1472,4096,2048,False,torch.bfloat16,torch.bfloat16,False,False,opus,10000,0,85.3062,opus_gemm_gfx942_512x128x128x64_2x4_16x16x16_0x0x0,0.0,289.5,408.71
gfx942,304,1472,4096,4096,False,torch.bfloat16,torch.bfloat16,False,False,opus,10001,0,155.1549,opus_gemm_gfx942_p1_256x64x64x64_2x2_16x16x16_0x0x0,0.0,318.34,371.7
gfx942,304,1536,4096,2048,False,torch.bfloat16,torch.bfloat16,False,False,opus,10000,0,86.2034,opus_gemm_gfx942_512x128x128x64_2x4_16x16x16_0x0x0,0.0,298.94,413.58
gfx942,304,1536,4096,4096,False,torch.bfloat16,torch.bfloat16,False,False,triton,0,0,161.5136,auto,0.0,319.1,363.56
gfx942,304,1600,4096,2048,False,torch.bfloat16,torch.bfloat16,False,False,opus,10000,0,87.3642,opus_gemm_gfx942_512x128x128x64_2x4_16x16x16_0x0x0,0.0,307.26,417.08
gfx942,304,1600,4096,4096,False,torch.bfloat16,torch.bfloat16,False,False,opus,10000,0,163.9403,opus_gemm_gfx942_512x128x128x64_2x4_16x16x16_0x0x0,0.0,327.48,364.58
gfx942,304,1664,4096,2048,False,torch.bfloat16,torch.bfloat16,False,False,opus,10000,0,89.0364,opus_gemm_gfx942_512x128x128x64_2x4_16x16x16_0x0x0,0.0,313.55,418.08
gfx942,304,1664,4096,4096,False,torch.bfloat16,torch.bfloat16,False,False,opus,10000,0,163.2734,opus_gemm_gfx942_512x128x128x64_2x4_16x16x16_0x0x0,0.0,341.97,372.49
gfx942,304,1728,4096,2048,False,torch.bfloat16,torch.bfloat16,False,False,opus,10000,0,89.5933,opus_gemm_gfx942_512x128x128x64_2x4_16x16x16_0x0x0,0.0,323.58,424.26
gfx942,304,1728,4096,4096,False,torch.bfloat16,torch.bfloat16,False,False,opus,10000,0,165.8379,opus_gemm_gfx942_512x128x128x64_2x4_16x16x16_0x0x0,0.0,349.63,373.05
gfx942,304,1792,4096,2048,False,torch.bfloat16,torch.bfloat16,False,False,opus,10000,0,87.9499,opus_gemm_gfx942_512x128x128x64_2x4_16x16x16_0x0x0,0.0,341.84,441.13
gfx942,304,1792,4096,4096,False,torch.bfloat16,torch.bfloat16,False,False,opus,10000,0,165.699,opus_gemm_gfx942_512x128x128x64_2x4_16x16x16_0x0x0,0.0,362.88,379.69
gfx942,304,1856,4096,2048,False,torch.bfloat16,torch.bfloat16,False,False,opus,10000,0,91.4015,opus_gemm_gfx942_512x128x128x64_2x4_16x16x16_0x0x0,0.0,340.68,433.08
gfx942,304,1856,4096,4096,False,torch.bfloat16,torch.bfloat16,False,False,opus,10000,0,169.7637,opus_gemm_gfx942_512x128x128x64_2x4_16x16x16_0x0x0,0.0,366.85,376.78
gfx942,304,1920,4096,2048,False,torch.bfloat16,torch.bfloat16,False,False,opus,10000,0,90.7964,opus_gemm_gfx942_512x128x128x64_2x4_16x16x16_0x0x0,0.0,354.77,444.62
gfx942,304,1920,4096,4096,False,torch.bfloat16,torch.bfloat16,False,False,opus,10000,0,170.1458,opus_gemm_gfx942_512x128x128x64_2x4_16x16x16_0x0x0,0.0,378.64,382.09
gfx942,304,1984,4096,2048,False,torch.bfloat16,torch.bfloat16,False,False,opus,10000,0,93.0934,opus_gemm_gfx942_512x128x128x64_2x4_16x16x16_0x0x0,0.0,357.55,442.1
gfx942,304,1984,4096,4096,False,torch.bfloat16,torch.bfloat16,False,False,opus,10000,0,174.4199,opus_gemm_gfx942_512x128x128x64_2x4_16x16x16_0x0x0,0.0,381.68,378.74
gfx942,304,2048,4096,2048,False,torch.bfloat16,torch.bfloat16,False,False,opus,10000,0,93.7214,opus_gemm_gfx942_512x128x128x64_2x4_16x16x16_0x0x0,0.0,366.62,447.53
gfx942,304,2048,4096,4096,False,torch.bfloat16,torch.bfloat16,False,False,opus,10000,0,174.0599,opus_gemm_gfx942_512x128x128x64_2x4_16x16x16_0x0x0,0.0,394.8,385.55
gfx942,304,2112,4096,2048,False,torch.bfloat16,torch.bfloat16,False,False,opus,10000,0,95.6347,opus_gemm_gfx942_512x128x128x64_2x4_16x16x16_0x0x0,0.0,370.51,446.8
gfx942,304,2112,4096,4096,False,torch.bfloat16,torch.bfloat16,False,False,opus,10000,0,177.7327,opus_gemm_gfx942_512x128x128x64_2x4_16x16x16_0x0x0,0.0,398.73,383.48
gfx942,304,2176,4096,2048,False,torch.bfloat16,torch.bfloat16,False,False,opus,10000,0,94.8077,opus_gemm_gfx942_512x128x128x64_2x4_16x16x16_0x0x0,0.0,385.07,458.99
gfx942,304,2176,4096,4096,False,torch.bfloat16,torch.bfloat16,False,False,opus,10000,0,179.3321,opus_gemm_gfx942_512x128x128x64_2x4_16x16x16_0x0x0,0.0,407.15,385.91
gfx942,304,2240,4096,2048,False,torch.bfloat16,torch.bfloat16,False,False,opus,10000,0,95.0762,opus_gemm_gfx942_512x128x128x64_2x4_16x16x16_0x0x0,0.0,395.27,465.97
gfx942,304,2240,4096,4096,False,torch.bfloat16,torch.bfloat16,False,False,opus,10000,0,181.5866,opus_gemm_gfx942_512x128x128x64_2x4_16x16x16_0x0x0,0.0,413.92,386.89
gfx942,304,2304,4096,2048,False,torch.bfloat16,torch.bfloat16,False,False,opus,10000,0,97.3023,opus_gemm_gfx942_512x128x128x64_2x4_16x16x16_0x0x0,0.0,397.26,463.39
gfx942,304,2304,4096,4096,False,torch.bfloat16,torch.bfloat16,False,False,opus,10000,0,183.9634,opus_gemm_gfx942_512x128x128x64_2x4_16x16x16_0x0x0,0.0,420.24,387.59
gfx942,304,2368,4096,2048,False,torch.bfloat16,torch.bfloat16,False,False,opus,10000,0,101.7609,opus_gemm_gfx942_512x128x128x64_2x4_16x16x16_0x0x0,0.0,390.41,450.81
gfx942,304,2368,4096,4096,False,torch.bfloat16,torch.bfloat16,False,False,opus,10000,0,185.9721,opus_gemm_gfx942_512x128x128x64_2x4_16x16x16_0x0x0,0.0,427.25,389.05
gfx942,304,2432,4096,2048,False,torch.bfloat16,torch.bfloat16,False,False,opus,10000,0,102.2694,opus_gemm_gfx942_512x128x128x64_2x4_16x16x16_0x0x0,0.0,398.97,456.26
gfx942,304,2432,4096,4096,False,torch.bfloat16,torch.bfloat16,False,False,opus,10000,0,188.0641,opus_gemm_gfx942_512x128x128x64_2x4_16x16x16_0x0x0,0.0,433.92,390.29
gfx942,304,2496,4096,2048,False,torch.bfloat16,torch.bfloat16,False,False,opus,10000,0,122.4993,opus_gemm_gfx942_512x128x128x64_2x4_16x16x16_0x0x0,0.0,341.85,387.33
gfx942,304,2496,4096,4096,False,torch.bfloat16,torch.bfloat16,False,False,opus,10000,0,231.0042,opus_gemm_gfx942_512x128x128x64_2x4_16x16x16_0x0x0,0.0,362.56,322.28
gfx942,304,2560,4096,2048,False,torch.bfloat16,torch.bfloat16,False,False,opus,10000,0,126.9954,opus_gemm_gfx942_512x128x128x64_2x4_16x16x16_0x0x0,0.0,338.2,379.81
gfx942,304,2560,4096,4096,False,torch.bfloat16,torch.bfloat16,False,False,opus,10000,0,239.4727,opus_gemm_gfx942_512x128x128x64_2x4_16x16x16_0x0x0,0.0,358.7,315.27
gfx942,304,2624,4096,2048,False,torch.bfloat16,torch.bfloat16,False,False,opus,10006,0,126.844,opus_gemm_gfx942_quad_mfma32_256x256x256x32_2x2_32x32x8_0x0x0,0.0,347.07,386.47
gfx942,304,2624,4096,4096,False,torch.bfloat16,torch.bfloat16,False,False,opus,10000,0,244.6037,opus_gemm_gfx942_512x128x128x64_2x4_16x16x16_0x0x0,0.0,359.96,312.94
gfx942,304,2688,4096,2048,False,torch.bfloat16,torch.bfloat16,False,False,opus,10000,0,132.2641,opus_gemm_gfx942_512x128x128x64_2x4_16x16x16_0x0x0,0.0,340.96,376.58
gfx942,304,2688,4096,4096,False,torch.bfloat16,torch.bfloat16,False,False,opus,10006,0,248.3751,opus_gemm_gfx942_quad_mfma32_256x256x256x32_2x2_32x32x8_0x0x0,0.0,363.14,312.41
gfx942,304,2752,4096,2048,False,torch.bfloat16,torch.bfloat16,False,False,opus,10000,0,132.7348,opus_gemm_gfx942_512x128x128x64_2x4_16x16x16_0x0x0,0.0,347.84,381.16
gfx942,304,2752,4096,4096,False,torch.bfloat16,torch.bfloat16,False,False,opus,10000,0,253.8954,opus_gemm_gfx942_512x128x128x64_2x4_16x16x16_0x0x0,0.0,363.7,309.75
gfx942,304,2816,4096,2048,False,torch.bfloat16,torch.bfloat16,False,False,triton,0,0,131.2288,auto,0.0,360.02,391.53
gfx942,304,2816,4096,4096,False,torch.bfloat16,torch.bfloat16,False,False,opus,10000,0,254.811,opus_gemm_gfx942_512x128x128x64_2x4_16x16x16_0x0x0,0.0,370.82,312.75
gfx942,304,2880,4096,2048,False,torch.bfloat16,torch.bfloat16,False,False,opus,10006,0,130.5589,opus_gemm_gfx942_quad_mfma32_256x256x256x32_2x2_32x32x8_0x0x0,0.0,370.09,399.56
gfx942,304,2880,4096,4096,False,torch.bfloat16,torch.bfloat16,False,False,opus,10006,0,249.584,opus_gemm_gfx942_quad_mfma32_256x256x256x32_2x2_32x32x8_0x0x0,0.0,387.19,323.5
gfx942,304,2944,4096,2048,False,torch.bfloat16,torch.bfloat16,False,False,opus,10000,0,135.5618,opus_gemm_gfx942_512x128x128x64_2x4_16x16x16_0x0x0,0.0,364.35,390.62
gfx942,304,2944,4096,4096,False,torch.bfloat16,torch.bfloat16,False,False,opus,10000,0,258.7072,opus_gemm_gfx942_512x128x128x64_2x4_16x16x16_0x0x0,0.0,381.84,316.14
gfx942,304,3008,4096,2048,False,torch.bfloat16,torch.bfloat16,False,False,opus,10000,0,135.2166,opus_gemm_gfx942_512x128x128x64_2x4_16x16x16_0x0x0,0.0,373.22,397.43
gfx942,304,3008,4096,4096,False,torch.bfloat16,torch.bfloat16,False,False,opus,10000,0,259.6637,opus_gemm_gfx942_512x128x128x64_2x4_16x16x16_0x0x0,0.0,388.7,319.02
gfx942,304,3072,4096,2048,False,torch.bfloat16,torch.bfloat16,False,False,triton,0,0,133.0532,auto,0.0,387.36,409.81
gfx942,304,3072,4096,4096,False,torch.bfloat16,torch.bfloat16,False,False,triton,0,0,264.1009,auto,0.0,390.3,317.63
gfx942,304,3136,4096,2048,False,torch.bfloat16,torch.bfloat16,False,False,opus,10006,0,138.0062,opus_gemm_gfx942_quad_mfma32_256x256x256x32_2x2_32x32x8_0x0x0,0.0,381.24,400.8
gfx942,304,3136,4096,4096,False,torch.bfloat16,torch.bfloat16,False,False,opus,10000,0,266.3129,opus_gemm_gfx942_512x128x128x64_2x4_16x16x16_0x0x0,0.0,395.12,318.93
gfx942,304,3200,4096,2048,False,torch.bfloat16,torch.bfloat16,False,False,opus,10000,0,139.7833,opus_gemm_gfx942_512x128x128x64_2x4_16x16x16_0x0x0,0.0,384.07,401.33
gfx942,304,3200,4096,4096,False,torch.bfloat16,torch.bfloat16,False,False,opus,10000,0,267.4348,opus_gemm_gfx942_512x128x128x64_2x4_16x16x16_0x0x0,0.0,401.5,321.51
gfx942,304,3264,4096,2048,False,torch.bfloat16,torch.bfloat16,False,False,opus,10000,0,141.3886,opus_gemm_gfx942_512x128x128x64_2x4_16x16x16_0x0x0,0.0,387.31,402.33
gfx942,304,3264,4096,4096,False,torch.bfloat16,torch.bfloat16,False,False,opus,10000,0,269.9557,opus_gemm_gfx942_512x128x128x64_2x4_16x16x16_0x0x0,0.0,405.7,322.39
gfx942,304,3328,4096,2048,False,torch.bfloat16,torch.bfloat16,False,False,triton,0,0,136.4049,auto,0.0,409.33,422.8
gfx942,304,3328,4096,4096,False,torch.bfloat16,torch.bfloat16,False,False,opus,10000,0,270.9239,opus_gemm_gfx942_512x128x128x64_2x4_16x16x16_0x0x0,0.0,412.18,325.11
gfx942,304,3392,4096,2048,False,torch.bfloat16,torch.bfloat16,False,False,opus,10006,0,143.1359,opus_gemm_gfx942_quad_mfma32_256x256x256x32_2x2_32x32x8_0x0x0,0.0,397.58,408.41
gfx942,304,3392,4096,4096,False,torch.bfloat16,torch.bfloat16,False,False,opus,10000,0,272.4666,opus_gemm_gfx942_512x128x128x64_2x4_16x16x16_0x0x0,0.0,417.73,327.12
gfx942,304,3456,4096,2048,False,torch.bfloat16,torch.bfloat16,False,False,opus,10000,0,143.5266,opus_gemm_gfx942_512x128x128x64_2x4_16x16x16_0x0x0,0.0,403.98,412.78
gfx942,304,3456,4096,4096,False,torch.bfloat16,torch.bfloat16,False,False,opus,10000,0,273.9209,opus_gemm_gfx942_512x128x128x64_2x4_16x16x16_0x0x0,0.0,423.35,329.21
gfx942,304,3520,4096,2048,False,torch.bfloat16,torch.bfloat16,False,False,opus,10000,0,145.1382,opus_gemm_gfx942_512x128x128x64_2x4_16x16x16_0x0x0,0.0,406.89,413.61
gfx942,304,3520,4096,4096,False,torch.bfloat16,torch.bfloat16,False,False,opus,10000,0,277.3013,opus_gemm_gfx942_512x128x128x64_2x4_16x16x16_0x0x0,0.0,425.93,328.98
gfx942,304,3584,4096,2048,False,torch.bfloat16,torch.bfloat16,False,False,triton,0,0,140.1749,auto,0.0,428.96,433.87
gfx942,304,3584,4096,4096,False,torch.bfloat16,torch.bfloat16,False,False,opus,10000,0,279.0992,opus_gemm_gfx942_512x128x128x64_2x4_16x16x16_0x0x0,0.0,430.88,330.62
gfx942,304,3648,4096,2048,False,torch.bfloat16,torch.bfloat16,False,False,opus,10000,0,163.1591,opus_gemm_gfx942_512x128x128x64_2x4_16x16x16_0x0x0,0.0,375.11,377.57
gfx942,304,3648,4096,4096,False,torch.bfloat16,torch.bfloat16,False,False,opus,10000,0,318.9809,opus_gemm_gfx942_512x128x128x64_2x4_16x16x16_0x0x0,0.0,383.74,292.57
gfx942,304,3712,4096,2048,False,torch.bfloat16,torch.bfloat16,False,False,opus,10006,0,155.1576,opus_gemm_gfx942_quad_mfma32_256x256x256x32_2x2_32x32x8_0x0x0,0.0,401.38,402.11
gfx942,304,3712,4096,4096,False,torch.bfloat16,torch.bfloat16,False,False,opus,10006,0,297.6969,opus_gemm_gfx942_quad_mfma32_256x256x256x32_2x2_32x32x8_0x0x0,0.0,418.39,317.01
gfx942,304,3776,4096,2048,False,torch.bfloat16,torch.bfloat16,False,False,opus,10000,0,171.3476,opus_gemm_gfx942_512x128x128x64_2x4_16x16x16_0x0x0,0.0,369.72,368.7
gfx942,304,3776,4096,4096,False,torch.bfloat16,torch.bfloat16,False,False,opus,10000,0,327.6231,opus_gemm_gfx942_512x128x128x64_2x4_16x16x16_0x0x0,0.0,386.73,291.25
gfx942,304,3840,4096,2048,False,torch.bfloat16,torch.bfloat16,False,False,triton,0,0,143.5996,auto,0.0,448.64,445.43
gfx942,304,3840,4096,4096,False,torch.bfloat16,torch.bfloat16,False,False,opus,10006,0,323.9618,opus_gemm_gfx942_quad_mfma32_256x256x256x32_2x2_32x32x8_0x0x0,0.0,397.73,297.78
gfx942,304,3904,4096,2048,False,torch.bfloat16,torch.bfloat16,False,False,triton,0,0,174.6691,auto,0.0,374.98,370.7
gfx942,304,3904,4096,4096,False,torch.bfloat16,torch.bfloat16,False,False,opus,10000,0,340.5995,opus_gemm_gfx942_512x128x128x64_2x4_16x16x16_0x0x0,0.0,384.61,286.31
gfx942,304,3968,4096,2048,False,torch.bfloat16,torch.bfloat16,False,False,opus,10006,0,158.6779,opus_gemm_gfx942_quad_mfma32_256x256x256x32_2x2_32x32x8_0x0x0,0.0,419.54,413.01
gfx942,304,3968,4096,4096,False,torch.bfloat16,torch.bfloat16,False,False,opus,10006,0,318.8952,opus_gemm_gfx942_quad_mfma32_256x256x256x32_2x2_32x32x8_0x0x0,0.0,417.52,309.09
gfx942,304,4032,4096,2048,False,torch.bfloat16,torch.bfloat16,False,False,opus,10006,0,169.4596,opus_gemm_gfx942_quad_mfma32_256x256x256x32_2x2_32x32x8_0x0x0,0.0,399.19,391.38
gfx942,304,4032,4096,4096,False,torch.bfloat16,torch.bfloat16,False,False,opus,10000,0,348.8245,opus_gemm_gfx942_512x128x128x64_2x4_16x16x16_0x0x0,0.0,387.85,285.57
gfx942,304,4096,64,4096,False,torch.bfloat16,torch.bfloat16,False,False,asm,3,3,18.0213,_ZN5aiter39bf16gemm_fp32bf16_tn_48x64_splitk_cleanE,0.0088,119.16,1920.12
gfx942,304,4096,512,4096,False,torch.bfloat16,torch.bfloat16,False,False,opus,10210,2,60.8419,opus_gemm_gfx942_splitk_legacy_bf16ws_512x128x128x64_2x4_16x16x16_0x0x0,0.0052,282.37,689.38
gfx942,304,4096,1024,4096,False,torch.bfloat16,torch.bfloat16,False,False,opus,10216,4,93.4594,opus_gemm_gfx942_splitk_quad_mfma32_bf16ws_256x256x256x32_2x2_32x32x8_6x0x0,0.0086,367.64,538.54
gfx942,304,4096,4096,256,False,torch.bfloat16,torch.bfloat16,False,False,opus,10006,0,30.409,opus_gemm_gfx942_quad_mfma32_256x256x256x32_2x2_32x32x8_0x0x0,0.0,282.48,1241.37
gfx942,304,4096,4096,512,False,torch.bfloat16,torch.bfloat16,False,False,triton,0,0,46.5719,auto,0.0,368.89,900.61
gfx942,304,4096,4096,1024,False,torch.bfloat16,torch.bfloat16,False,False,triton,0,0,81.627,auto,0.0,420.94,616.61
gfx942,304,4096,4096,2048,False,torch.bfloat16,torch.bfloat16,False,False,triton,0,0,144.5308,auto,0.0,475.47,464.32
gfx942,304,4096,4096,4096,False,torch.bfloat16,torch.bfloat16,False,False,opus,10000,0,346.6225,opus_gemm_gfx942_512x128x128x64_2x4_16x16x16_0x0x0,0.0,396.51,290.41
gfx942,304,4096,8192,1024,False,torch.bfloat16,torch.bfloat16,False,False,triton,0,0,151.65,auto,0.0,453.15,608.47
